player_name,position,team,proj_fpts,clean_name,depth_chart_order,search_rank,custom_rank,vorp,tier,rank
CeeDee Lamb,WR,DAL,218.2,ceedee lamb,1.0,9.0,8.0,195.0,Tier 1,1
Nico Collins,WR,HOU,214.9,nico collins,1.0,23.0,15.5,191.7,Tier 1,2
A.J. Brown,WR,NE,202.9,aj brown,1.0,19.0,14.0,179.7,Tier 1,3
Justin Jefferson,WR,MIN,201.5,justin jefferson,1.0,11.0,8.5,178.3,Tier 2,4
George Pickens,WR,DAL,200.8,george pickens,2.0,24.0,17.5,177.6,Tier 2,5
Drake London,WR,ATL,199.3,drake london,1.0,17.0,11.0,176.1,Tier 2,6
Jahmyr Gibbs,RB,DET,395.3,jahmyr gibbs,1.0,1.0,1.0,173.9,Tier 1,7
Bijan Robinson,RB,ATL,394.9,bijan robinson,1.0,1.0,1.5,173.5,Tier 1,8
Chris Olave,WR,NO,189.8,chris olave,1.0,30.0,20.0,166.6,Tier 2,9
Malik Nabers,WR,NYG,188.4,malik nabers,1.0,28.0,21.5,165.2,Tier 2,10
DeVonta Smith,WR,PHI,186.3,devonta smith,1.0,34.0,25.0,163.1,Tier 2,11
Ladd McConkey,WR,LAC,184.8,ladd mcconkey,1.0,39.0,32.0,161.6,Tier 3,12
Mike Evans,WR,SF,183.2,mike evans,1.0,60.0,41.5,160.0,Tier 3,13
Emeka Egbuka,WR,TB,183.1,emeka egbuka,1.0,39.0,29.0,159.9,Tier 3,14
Tee Higgins,WR,CIN,182.5,tee higgins,2.0,34.0,27.5,159.3,Tier 3,15
Garrett Wilson,WR,NYJ,180.4,garrett wilson,1.0,38.0,29.0,157.2,Tier 3,16
Jaylen Waddle,WR,DEN,180.1,jaylen waddle,1.0,42.0,34.0,156.9,Tier 3,17
Tetairoa McMillan,WR,CAR,179.9,tetairoa mcmillan,1.0,36.0,27.0,156.7,Tier 3,18
Rashee Rice,WR,KC,177.10000000000002,rashee rice,1.0,27.0,20.0,153.9,Tier 3,19
Christian McCaffrey,RB,SF,373.8,christian mccaffrey,1.0,5.0,4.0,152.4,Tier 1,20
Christian Watson,WR,GB,175.0,christian watson,1.0,64.0,43.0,151.8,Tier 3,21
Terry McLaurin,WR,WAS,174.50000000000003,terry mclaurin,1.0,53.0,40.5,151.3,Tier 3,22
Parker Washington,WR,JAX,168.20000000000002,parker washington,1.0,71.0,54.5,145.0,Tier 4,23
Rome Odunze,WR,CHI,167.2,rome odunze,1.0,63.0,43.5,144.0,Tier 4,24
Brian Thomas,WR,JAX,158.5,brian thomas,2.0,72.0,54.5,135.3,Tier 4,25
Davante Adams,WR,LAR,152.7,davante adams,2.0,46.0,31.5,129.5,Tier 4,26
Marvin Harrison,WR,ARI,149.0,marvin harrison,1.0,74.0,52.0,125.8,Tier 4,27
DK Metcalf,WR,PIT,146.3,dk metcalf,1.0,73.0,51.0,123.1,Tier 4,28
Alec Pierce,WR,IND,145.60000000000002,alec pierce,1.0,94.0,63.5,122.4,Tier 4,29
Courtland Sutton,WR,DEN,138.9,courtland sutton,2.0,72.0,52.0,115.7,Tier 4,30
Carnell Tate,WR,TEN,138.5,carnell tate,1.0,61.0,48.5,115.3,Tier 4,31
Matthew Golden,WR,GB,136.1,matthew golden,3.0,123.0,85.0,112.9,Tier 4,32
Josh Allen,QB,BUF,377.5,josh allen,1.0,4.0,2.5,106.9,Tier 1,33
Jonathan Taylor,RB,IND,316.4,jonathan taylor,1.0,4.0,4.0,95.0,Tier 2,34
Brock Bowers,TE,LV,253.8,brock bowers,1.0,21.0,11.0,94.4,Tier 1,35
Trey McBride,TE,ARI,250.9,trey mcbride,1.0,22.0,12.0,91.5,Tier 1,36
James Cook,RB,BUF,302.7,james cook,1.0,5.0,5.0,81.3,Tier 2,37
Omarion Hampton,RB,LAC,293.2,omarion hampton,1.0,12.0,10.5,71.8,Tier 2,38
Derrick Henry,RB,BAL,291.7,derrick henry,1.0,7.0,6.5,70.3,Tier 2,39
Ashton Jeanty,RB,LV,291.4,ashton jeanty,1.0,12.0,12.5,70.0,Tier 2,40
Saquon Barkley,RB,PHI,290.4,saquon barkley,1.0,12.0,9.5,69.0,Tier 3,41
De'Von Achane,RB,MIA,290.0,devon achane,1.0,8.0,9.5,68.6,Tier 3,42
Chase Brown,RB,CIN,289.5,chase brown,1.0,16.0,13.0,68.1,Tier 3,43
Drake Maye,QB,NE,334.5,drake maye,1.0,7.0,4.5,63.9,Tier 1,44
Jeremiyah Love,RB,ARI,284.5,jeremiyah love,1.0,15.0,15.5,63.1,Tier 3,45
Kenneth Walker,RB,KC,284.1,kenneth walker,1.0,18.0,13.0,62.7,Tier 3,46
Lamar Jackson,QB,BAL,331.5,lamar jackson,1.0,11.0,7.0,60.9,Tier 2,47
Jalen Hurts,QB,PHI,324.9,jalen hurts,1.0,30.0,17.0,54.3,Tier 2,48
Kyren Williams,RB,LAR,272.5,kyren williams,1.0,13.0,12.5,51.1,Tier 3,49
Josh Jacobs,RB,GB,272.4,josh jacobs,1.0,20.0,17.0,51.0,Tier 3,50
Jayden Daniels,QB,WAS,320.9,jayden daniels,1.0,18.0,12.0,50.3,Tier 2,51
Breece Hall,RB,NYJ,271.3,breece hall,1.0,27.0,22.0,49.9,Tier 3,52
Cam Skattebo,RB,NYG,263.6,cam skattebo,1.0,37.0,27.5,42.2,Tier 3,53
Denver Broncos,DEF,DEN,236.0,denver broncos,1.0,150.0,75.5,42.0,Tier 1,54
Caleb Williams,QB,CHI,308.8,caleb williams,1.0,18.0,12.5,38.2,Tier 2,55
Jaxson Dart,QB,NYG,307.5,jaxson dart,1.0,35.0,23.5,36.9,Tier 2,56
Joe Burrow,QB,CIN,307.4,joe burrow,1.0,15.0,10.0,36.8,Tier 3,57
Javonte Williams,RB,DAL,257.8,javonte williams,1.0,32.0,23.5,36.4,Tier 4,58
Houston Texans,DEF,HOU,230.0,houston texans,1.0,151.0,76.5,36.0,Tier 2,59
Bo Nix,QB,DEN,306.4,bo nix,1.0,42.0,25.5,35.8,Tier 3,60
Colston Loveland,TE,CHI,193.8,colston loveland,1.0,37.0,20.0,34.4,Tier 2,61
Jack Campbell,LB,DET,168.8625,jack campbell,1.0,103.0,103.0,34.1,Tier 1,62
Bucky Irving,RB,TB,255.1,bucky irving,1.0,32.0,25.5,33.7,Tier 4,63
Tyler Warren,TE,IND,191.6,tyler warren,1.0,47.0,25.5,32.2,Tier 2,64
Myles Garrett,DL,LAR,131.275,myles garrett,1.0,83.0,83.0,31.5,Tier 1,65
Seattle Seahawks,DEF,SEA,225.0,seattle seahawks,1.0,152.0,77.5,31.0,Tier 2,66
Bhayshul Tuten,RB,JAX,252.0,bhayshul tuten,1.0,44.0,33.0,30.6,Tier 4,67
Travis Etienne,RB,NO,251.5,travis etienne,1.0,34.0,27.5,30.1,Tier 4,68
Dak Prescott,QB,DAL,299.8,dak prescott,1.0,43.0,25.5,29.2,Tier 3,69
Harold Fannin,TE,CLE,187.1,harold fannin,1.0,63.0,34.0,27.7,Tier 2,70
Justin Herbert,QB,LAC,298.2,justin herbert,1.0,30.0,20.0,27.6,Tier 3,71
Brock Purdy,QB,SF,297.5,brock purdy,1.0,49.0,30.0,26.9,Tier 3,72
Tyler Shough,QB,NO,297.1,tyler shough,1.0,85.0,51.0,26.5,Tier 3,73
Kyle Pitts,TE,ATL,185.6,kyle pitts,1.0,69.0,37.5,26.2,Tier 3,74
Trevor Lawrence,QB,JAX,296.7,trevor lawrence,1.0,38.0,26.0,26.1,Tier 3,75
Minnesota Vikings,DEF,MIN,220.0,minnesota vikings,1.0,153.0,78.5,26.0,Tier 3,76
D'Andre Swift,RB,CHI,246.8,dandre swift,1.0,47.0,33.5,25.4,Tier 4,77
Thomas Booker,DL,LV,125.0,thomas booker,1.0,9999999.0,9999999.0,25.2,Tier 2,78
Jacob Martin,DL,TEN,125.0,jacob martin,1.0,9999999.0,9999999.0,25.2,Tier 4,79
Levi Drake Rodriguez,DL,MIN,125.0,levi drake rodriguez,1.0,9999999.0,9999999.0,25.2,Tier 2,80
Javon Kinlaw,DL,WAS,125.0,javon kinlaw,1.0,700.0,700.0,25.2,Tier 2,81
Tim Settle,DL,WAS,125.0,tim settle,1.0,9999999.0,9999999.0,25.2,Tier 3,82
Vernon Broughton,DL,NO,125.0,vernon broughton,1.0,9999999.0,9999999.0,25.2,Tier 3,83
Maason Smith,DL,ATL,125.0,maason smith,1.0,9999999.0,9999999.0,25.2,Tier 3,84
Cory Durden,DL,NE,125.0,cory durden,1.0,9999999.0,9999999.0,25.2,Tier 3,85
Yahya Black,DL,PIT,125.0,yahya black,1.0,9999999.0,9999999.0,25.2,Tier 3,86
Jared Goff,QB,DET,293.7,jared goff,1.0,63.0,38.0,23.1,Tier 4,87
Brian Burns,DL,NYG,121.775,brian burns,1.0,134.0,134.0,22.0,Tier 4,88
Aidan Hutchinson,DL,DET,121.5875,aidan hutchinson,1.0,80.0,80.0,21.8,Tier 4,89
Los Angeles Chargers,DEF,LAC,215.0,los angeles chargers,1.0,154.0,80.5,21.0,Tier 3,90
Carson Schwesinger,LB,CLE,155.0875,carson schwesinger,1.0,99.0,99.0,20.3,Tier 1,91
Kyler Murray,QB,MIN,290.8,kyler murray,1.0,95.0,56.5,20.2,Tier 4,92
Patrick Mahomes,QB,KC,290.4,patrick mahomes,1.0,38.0,27.0,19.8,Tier 4,93
Nick Cross,DB,WAS,137.3375,nick cross,1.0,174.0,174.0,17.7,Tier 1,94
Kyle Hamilton,DB,BAL,136.91250000000002,kyle hamilton,1.0,126.0,126.0,17.3,Tier 1,95
Matthew Stafford,QB,LAR,287.6,matthew stafford,1.0,74.0,44.5,17.0,Tier 4,96
Los Angeles Rams,DEF,LAR,210.0,los angeles rams,1.0,155.0,80.5,16.0,Tier 3,97
Nakobe Dean,LB,LV,149.6875,nakobe dean,1.0,167.0,167.0,14.9,Tier 1,98
Travis Kelce,TE,KC,174.1,travis kelce,1.0,92.0,51.0,14.7,Tier 3,99
Nick Bolton,LB,KC,149.45,nick bolton,1.0,169.0,169.0,14.6,Tier 1,100
Quinshon Judkins,RB,CLE,235.8,quinshon judkins,1.0,45.0,34.0,14.4,Tier 4,101
Foyesade Oluokun,LB,JAX,148.8625,foyesade oluokun,1.0,151.0,151.0,14.1,Tier 1,102
Roquan Smith,LB,BAL,148.8125,roquan smith,1.0,96.0,96.0,14.0,Tier 1,103
Kam Curl,DB,LAR,133.25,kam curl,1.0,191.0,191.0,13.6,Tier 1,104
Maxx Crosby,DL,LV,112.9875,maxx crosby,1.0,90.0,90.0,13.2,Tier 4,105
Philadelphia Eagles,DEF,PHI,206.0,philadelphia eagles,1.0,156.0,82.0,12.0,Tier 3,106
Kevin Byard,DB,NE,131.10000000000002,kevin byard,1.0,252.0,252.0,11.5,Tier 1,107
Danielle Hunter,DL,HOU,110.95,danielle hunter,1.0,177.0,177.0,11.2,Tier 4,108
Austin Ajiake,LB,IND,145.0,austin ajiake,1.0,9999999.0,9999999.0,10.2,Tier 2,109
Cooper McDonald,LB,KC,145.0,cooper mcdonald,1.0,9999999.0,9999999.0,10.2,Tier 2,110
Trey Moore,LB,MIA,145.0,trey moore,1.0,664.0,664.0,10.2,Tier 2,111
Dennis Gardeck,LB,JAX,145.0,dennis gardeck,1.0,9999999.0,9999999.0,10.2,Tier 2,112
Azeez Ojulari,LB,ATL,145.0,azeez ojulari,1.0,9999999.0,9999999.0,10.2,Tier 2,113
Mohamoud Diabate,LB,TEN,145.0,mohamoud diabate,1.0,9999999.0,9999999.0,10.2,Tier 1,114
Fred Warner,LB,SF,144.91250000000002,fred warner,1.0,120.0,120.0,10.1,Tier 2,115
Zack Baun,LB,PHI,144.5625,zack baun,1.0,136.0,136.0,9.8,Tier 2,116
Malik Willis,QB,MIA,280.1,malik willis,1.0,114.0,66.5,9.5,Tier 4,117
Chig Okonkwo,TE,WAS,167.55,chig okonkwo,1.0,137.0,137.0,8.2,Tier 3,118
New Orleans Saints,DEF,NO,202.0,new orleans saints,1.0,157.0,86.0,8.0,Tier 4,119
Chamarri Conner,DB,KC,127.4,chamarri conner,1.0,223.0,223.0,7.8,Tier 1,120
Sam LaPorta,TE,DET,165.5,sam laporta,1.0,59.0,33.0,6.1,Tier 3,121
Budda Baker,DB,ARI,125.6375,budda baker,1.0,203.0,203.0,6.0,Tier 1,122
Tuli Tuipulotu,DL,LAC,103.95,tuli tuipulotu,1.0,223.0,223.0,4.2,Tier 4,123
Jordyn Brooks,LB,MIA,138.9,jordyn brooks,1.0,148.0,148.0,4.1,Tier 2,124
Jamien Sherwood,LB,NYJ,138.875,jamien sherwood,1.0,135.0,135.0,4.1,Tier 2,125
Quay Walker,LB,LV,138.8125,quay walker,1.0,167.0,167.0,4.0,Tier 2,126
Atlanta Falcons,DEF,ATL,198.0,atlanta falcons,1.0,158.0,89.5,4.0,Tier 4,127
Jared Verse,DL,CLE,103.32500000000002,jared verse,1.0,125.0,125.0,3.6,Tier 4,128
Kaden Elliss,LB,NO,138.28750000000002,kaden elliss,1.0,251.0,251.0,3.5,Tier 2,129
Devin Lloyd,LB,CAR,137.675,devin lloyd,1.0,189.0,189.0,2.9,Tier 2,130
Edgerrin Cooper,LB,GB,137.425,edgerrin cooper,1.0,118.0,118.0,2.6,Tier 3,131
Will Anderson,DL,HOU,102.0375,will anderson,1.0,104.0,104.0,2.3,Tier 4,132
Mark Andrews,TE,BAL,161.5,mark andrews,1.0,96.0,52.0,2.1,Tier 3,133
Xavier Watts,DB,ATL,121.5375,xavier watts,1.0,234.0,234.0,1.9,Tier 2,134
Xavier McKinney,DB,GB,121.0875,xavier mckinney,1.0,268.0,268.0,1.5,Tier 2,135
Sonny Styles,LB,WAS,135.9875,sonny styles,1.0,123.0,123.0,1.2,Tier 3,136
Cooper DeJean,DB,PHI,120.525,cooper dejean,1.0,224.0,224.0,0.9,Tier 2,137
Keith Abney,DB,DET,120.0,keith abney,1.0,491.0,491.0,0.4,Tier 2,138
Jason Marshall,DB,MIA,120.0,jason marshall,1.0,9999999.0,9999999.0,0.4,Tier 2,139
Jeremy Reaves,DB,WAS,120.0,jeremy reaves,1.0,9999999.0,9999999.0,0.4,Tier 2,140
JuJu Brents,DB,MIA,120.0,juju brents,1.0,9999999.0,9999999.0,0.4,Tier 2,141
Amik Robertson,DB,WAS,120.0,amik robertson,1.0,9999999.0,9999999.0,0.4,Tier 2,142
Trey Amos,DB,WAS,120.0,trey amos,1.0,9999999.0,9999999.0,0.4,Tier 3,143
L'Jarius Sneed,DB,KC,120.0,ljarius sneed,1.0,9999999.0,9999999.0,0.4,Tier 2,144
Quincy Riley,DB,NO,120.0,quincy riley,1.0,9999999.0,9999999.0,0.4,Tier 3,145
Marcus Harris,DB,TEN,120.0,marcus harris,1.0,9999999.0,9999999.0,0.4,Tier 3,146
Dee Alford,DB,BUF,120.0,dee alford,1.0,9999999.0,9999999.0,0.4,Tier 3,147
Zayne Anderson,DB,MIA,120.0,zayne anderson,1.0,9999999.0,9999999.0,0.4,Tier 2,148
Ernest Jones,LB,SEA,135.13750000000002,ernest jones,1.0,182.0,182.0,0.3,Tier 3,149
Blake Cashman,LB,MIN,135.07500000000002,blake cashman,1.0,236.0,236.0,0.3,Tier 3,150
David Montgomery,RB,HOU,221.6,david montgomery,1.0,46.0,35.0,0.2,Tier 4,151
Jake Ferguson,TE,DAL,159.5,jake ferguson,1.0,97.0,56.0,0.1,Tier 3,152
Puka Nacua,WR,LAR,23.2,puka nacua,1.0,5.0,3.0,0.0,Tier 4,153
Tony Pollard,RB,TEN,221.4,tony pollard,1.0,63.0,44.0,0.0,Tier 4,154
Baltimore Ravens,DEF,BAL,194.0,baltimore ravens,1.0,159.0,86.0,0.0,Tier 4,155
Jeffery Simmons,DL,TEN,99.75,jeffery simmons,1.0,232.0,232.0,0.0,Tier 4,156
Derwin James,DB,LAC,119.6125,derwin james,1.0,156.0,156.0,0.0,Tier 3,157
Tucker Kraft,TE,GB,159.4,tucker kraft,1.0,64.0,36.5,0.0,Tier 4,158
Nate Landman,LB,LAR,134.8125,nate landman,1.0,226.0,226.0,0.0,Tier 3,159
Baker Mayfield,QB,TB,270.6,baker mayfield,1.0,71.0,46.0,0.0,Tier 4,160
Patrick Queen,LB,PIT,134.5625,patrick queen,1.0,244.0,244.0,-0.2,Tier 3,161
Tre'von Moehrig,DB,CAR,119.4,trevon moehrig,1.0,240.0,240.0,-0.2,Tier 3,162
Tykee Smith,DB,TB,119.05,tykee smith,1.0,230.0,230.0,-0.6,Tier 3,163
Alex Singleton,LB,DEN,133.70000000000002,alex singleton,1.0,260.0,260.0,-1.1,Tier 3,164
Jaylen Warren,RB,PIT,220.3,jaylen warren,1.0,52.0,40.5,-1.1,Tier 4,165
Jessie Bates,DB,ATL,117.6125,jessie bates,1.0,315.0,315.0,-2.0,Tier 3,166
Isaiah Pola-Mao,DB,LV,117.5,isaiah polamao,1.0,565.0,565.0,-2.1,Tier 3,167
Joshua Metellus,DB,MIN,117.0,joshua metellus,1.0,387.0,387.0,-2.6,Tier 3,168
Dallas Goedert,TE,PHI,156.5,dallas goedert,1.0,94.0,52.5,-2.9,Tier 4,169
Kevin Winston,DB,TEN,116.75,kevin winston,1.0,411.0,411.0,-2.9,Tier 3,170
Jeremy Chinn,DB,LV,116.13750000000002,jeremy chinn,1.0,306.0,306.0,-3.5,Tier 3,171
Antoine Winfield,DB,TB,116.01250000000002,antoine winfield,1.0,321.0,321.0,-3.6,Tier 3,172
Jordan Love,QB,GB,267.0,jordan love,1.0,63.0,42.5,-3.6,Tier 4,173
Tremaine Edmunds,LB,NYG,131.1,tremaine edmunds,1.0,308.0,308.0,-3.7,Tier 3,174
Daiyan Henley,LB,LAC,130.975,daiyan henley,1.0,171.0,171.0,-3.8,Tier 3,175
Sam Darnold,QB,SEA,265.7,sam darnold,1.0,92.0,56.0,-4.9,Tier 4,176
Geno Stone,DB,BUF,114.5625,geno stone,2.0,369.0,369.0,-5.0,Tier 3,177
Cedric Gray,LB,TEN,129.66250000000002,cedric gray,1.0,217.0,217.0,-5.1,Tier 3,178
Demario Davis,LB,NYJ,129.51250000000002,demario davis,1.0,364.0,364.0,-5.3,Tier 3,179
Jayden Reed,WR,GB,17.8,jayden reed,2.0,103.0,68.5,-5.4,Tier 4,180
Robert Spillane,LB,NE,129.175,robert spillane,1.0,267.0,267.0,-5.6,Tier 3,181
Cam Bynum,DB,IND,114.0,cam bynum,1.0,434.0,434.0,-5.6,Tier 3,182
Antonio Johnson,DB,JAX,114.0,antonio johnson,1.0,582.0,582.0,-5.6,Tier 3,183
Talanoa Hufanga,DB,DEN,113.9375,talanoa hufanga,1.0,261.0,261.0,-5.7,Tier 3,184
Cleveland Browns,DEF,CLE,188.0,cleveland browns,1.0,160.0,87.0,-6.0,Tier 4,185
Cole Bishop,DB,BUF,113.38750000000002,cole bishop,1.0,338.0,338.0,-6.2,Tier 4,186
Nick Emmanwori,DB,SEA,113.4125,nick emmanwori,1.0,219.0,219.0,-6.2,Tier 4,187
Alohi Gilman,DB,KC,113.0,alohi gilman,1.0,548.0,548.0,-6.6,Tier 4,188
George Kittle,TE,SF,152.5,george kittle,1.0,88.0,50.0,-6.9,Tier 4,189
Zay Flowers,WR,BAL,15.9,zay flowers,1.0,42.0,27.0,-7.3,Tier 4,190
Julian Love,DB,SEA,111.3625,julian love,1.0,337.0,337.0,-8.2,Tier 4,191
Demetrius Knight,LB,CIN,125.925,demetrius knight,1.0,304.0,304.0,-8.9,Tier 3,192
Alontae Taylor,DB,TEN,110.6375,alontae taylor,1.0,463.0,463.0,-9.0,Tier 4,193
Jordan Battle,DB,CIN,110.6375,jordan battle,1.0,349.0,349.0,-9.0,Tier 4,194
Zaire Franklin,LB,GB,125.26250000000002,zaire franklin,1.0,176.0,176.0,-9.5,Tier 3,195
Dalton Schultz,TE,HOU,149.6,dalton schultz,1.0,98.0,59.0,-9.8,Tier 4,196
TreVeyon Henderson,RB,NE,211.5,treveyon henderson,1.0,39.0,33.0,-9.9,Tier 4,197
Dax Hill,DB,CIN,109.75,dax hill,1.0,9999999.0,9999999.0,-9.9,Tier 4,198
Daniel Jones,QB,IND,260.6,daniel jones,1.0,129.0,76.0,-10.0,Tier 4,199
Pittsburgh Steelers,DEF,PIT,184.0,pittsburgh steelers,1.0,161.0,83.0,-10.0,Tier 4,200
DJ Moore,WR,BUF,12.5,dj moore,1.0,56.0,41.5,-10.7,Tier 4,201
Devin Bush,LB,CHI,123.8125,devin bush,1.0,300.0,300.0,-11.0,Tier 3,202
Jameson Williams,WR,DET,12.2,jameson williams,2.0,53.0,33.5,-11.0,Tier 4,203
Barrett Carter,LB,CIN,123.6,barrett carter,1.0,327.0,327.0,-11.2,Tier 3,204
Caleb Downs,DB,DAL,108.1875,caleb downs,1.0,143.0,143.0,-11.4,Tier 4,205
Malik Mustapha,DB,SF,108.05,malik mustapha,1.0,455.0,455.0,-11.6,Tier 4,206
Hunter Henry,TE,NE,147.4,hunter henry,1.0,92.0,53.0,-12.0,Tier 4,207
Quincy Williams,LB,CLE,122.8375,quincy williams,1.0,325.0,325.0,-12.0,Tier 3,208
DeShon Elliott,DB,PIT,106.8875,deshon elliott,1.0,453.0,453.0,-12.7,Tier 4,209
Malaki Starks,DB,BAL,106.775,malaki starks,1.0,247.0,247.0,-12.8,Tier 4,210
Brandon Jones,DB,DEN,106.7,brandon jones,1.0,482.0,482.0,-12.9,Tier 4,211
Dalton Kincaid,TE,BUF,146.5,dalton kincaid,1.0,81.0,47.0,-12.9,Tier 4,212
Mike Jackson,DB,CAR,106.5,mike jackson,1.0,515.0,515.0,-13.1,Tier 4,213
Rhamondre Stevenson,RB,NE,208.0,rhamondre stevenson,2.0,58.0,43.0,-13.4,Tier 4,214
Isaiah Likely,TE,NYG,145.6,isaiah likely,1.0,110.0,63.0,-13.8,Tier 4,215
Tyrel Dodson,LB,MIA,121.0,tyrel dodson,1.0,312.0,312.0,-13.8,Tier 3,216
Juwan Johnson,TE,NO,145.6,juwan johnson,1.0,103.0,61.0,-13.8,Tier 4,217
Luther Burden,WR,CHI,9.3,luther burden,2.0,40.0,35.5,-13.9,Tier 4,218
Detroit Lions,DEF,DET,180.0,detroit lions,1.0,162.0,86.0,-14.0,Tier 4,219
Payton Wilson,LB,PIT,120.85,payton wilson,1.0,352.0,352.0,-14.0,Tier 3,220
Jaquan Brisker,DB,PIT,105.6625,jaquan brisker,1.0,380.0,380.0,-14.0,Tier 4,221
Amani Hooker,DB,TEN,105.325,amani hooker,1.0,600.0,600.0,-14.3,Tier 4,222
Jalen Thompson,DB,DAL,104.9625,jalen thompson,1.0,487.0,487.0,-14.6,Tier 4,223
Minkah Fitzpatrick,DB,NYJ,104.7375,minkah fitzpatrick,1.0,475.0,475.0,-14.9,Tier 4,224
Jaxon Smith-Njigba,WR,SEA,8.0,jaxon smithnjigba,1.0,6.0,4.5,-15.2,Tier 4,225
Terrel Bernard,LB,BUF,119.275,terrel bernard,1.0,264.0,264.0,-15.5,Tier 4,226
Azeez Al-Shaair,LB,HOU,119.1625,azeez alshaair,1.0,320.0,320.0,-15.7,Tier 4,227
Nick Scott,DB,CAR,103.8625,nick scott,1.0,548.0,548.0,-15.8,Tier 4,228
Drue Tranquill,LB,KC,118.55,drue tranquill,1.0,347.0,347.0,-16.3,Tier 4,229
Keisean Nixon,DB,GB,103.2875,keisean nixon,1.0,563.0,563.0,-16.3,Tier 4,230
Evan Williams,DB,GB,103.2625,evan williams,1.0,517.0,517.0,-16.3,Tier 4,231
Jadarian Price,RB,SEA,204.8,jadarian price,1.0,59.0,44.5,-16.6,Tier 4,232
Dillon Thieneman,DB,CHI,102.5875,dillon thieneman,1.0,193.0,193.0,-17.0,Tier 4,233
Grant Delpit,DB,CLE,102.3125,grant delpit,1.0,424.0,424.0,-17.3,Tier 4,234
Bryan Cook,DB,CIN,101.7625,bryan cook,1.0,9999999.0,9999999.0,-17.8,Tier 4,235
Amon-Ra St. Brown,WR,DET,5.4,amonra st brown,1.0,7.0,5.5,-17.8,Tier 4,236
Jacksonville Jaguars,DEF,JAC,176.0,jacksonville jaguars,1.0,163.0,87.5,-18.0,Tier 4,237
Jordan Addison,WR,MIN,4.9,jordan addison,2.0,99.0,72.0,-18.3,Tier 4,238
Kamari Lassiter,DB,HOU,101.075,kamari lassiter,1.0,328.0,328.0,-18.5,Tier 4,239
CJ Allen,LB,IND,116.0625,cj allen,1.0,230.0,230.0,-18.8,Tier 4,240
Mike Sainristil,DB,WAS,100.7,mike sainristil,1.0,546.0,546.0,-18.9,Tier 4,241
Ronnie Hickman,DB,CLE,100.5875,ronnie hickman,1.0,9999999.0,9999999.0,-19.0,Tier 4,242
Quan Martin,DB,WAS,100.57500000000002,quan martin,2.0,9999999.0,9999999.0,-19.0,Tier 4,243
Ty Okada,DB,SEA,100.0,ty okada,1.0,9999999.0,9999999.0,-19.6,Tier 4,244
Eric Wilson,LB,MIN,115.1625,eric wilson,1.0,410.0,410.0,-19.7,Tier 4,245
Kam Arnold,LB,KC,115.0,kam arnold,2.0,9999999.0,9999999.0,-19.8,Tier 4,246
Jake Hummel,LB,HOU,115.0,jake hummel,2.0,999.0,999.0,-19.8,Tier 4,247
Shaun Dolac,LB,LAR,115.0,shaun dolac,2.0,9999999.0,9999999.0,-19.8,Tier 4,248
Patrick O'Connell,LB,SEA,115.0,patrick oconnell,2.0,9999999.0,9999999.0,-19.8,Tier 4,249
Kendal Daniels,LB,ATL,115.0,kendal daniels,2.0,9999999.0,9999999.0,-19.8,Tier 4,250
Joe Andreessen,LB,BUF,115.0,joe andreessen,2.0,609.0,609.0,-19.8,Tier 4,251
Wade Woodaz,LB,HOU,115.0,wade woodaz,2.0,9999999.0,9999999.0,-19.8,Tier 4,252
Dante Fowler,LB,SEA,115.0,dante fowler,2.0,9999999.0,9999999.0,-19.8,Tier 4,253
Nathaniel Watson,LB,CLE,115.0,nathaniel watson,2.0,9999999.0,9999999.0,-19.8,Tier 4,254
Keyshaun Elliott,LB,CHI,115.0,keyshaun elliott,2.0,642.0,642.0,-19.8,Tier 4,255
Tahj Chambers,LB,IND,115.0,tahj chambers,2.0,652.0,652.0,-19.8,Tier 4,256
Tyrice Knight,LB,SEA,115.0,tyrice knight,2.0,578.0,578.0,-19.8,Tier 4,257
Owen Pappoe,LB,ARI,115.0,owen pappoe,2.0,9999999.0,9999999.0,-19.8,Tier 4,258
Jake Hansen,LB,HOU,115.0,jake hansen,2.0,9999999.0,9999999.0,-19.8,Tier 4,259
Ruben Hyppolite,LB,CHI,115.0,ruben hyppolite,2.0,9999999.0,9999999.0,-19.8,Tier 4,260
Jaden Dugger,LB,SF,115.0,jaden dugger,2.0,9999999.0,9999999.0,-19.8,Tier 4,261
Kyle Louis,LB,MIA,115.0,kyle louis,2.0,9999999.0,9999999.0,-19.8,Tier 4,262
Von Miller,LB,DAL,115.0,von miller,2.0,999.0,999.0,-19.8,Tier 4,263
Bam Martin-Scott,LB,CAR,115.0,bam martinscott,2.0,9999999.0,9999999.0,-19.8,Tier 4,264
Daniel Hardy,LB,CHI,115.0,daniel hardy,2.0,698.0,698.0,-19.8,Tier 4,265
Junior Colson,LB,LAC,115.0,junior colson,2.0,598.0,598.0,-19.8,Tier 4,266
Nick Martin,LB,SF,115.0,nick martin,2.0,516.0,516.0,-19.8,Tier 4,267
Isaiah Stalbird,LB,NO,115.0,isaiah stalbird,2.0,9999999.0,9999999.0,-19.8,Tier 4,268
Trevor Nowaske,LB,DET,115.0,trevor nowaske,2.0,9999999.0,9999999.0,-19.8,Tier 4,269
Brenton Cox,LB,GB,115.0,brenton cox,2.0,9999999.0,9999999.0,-19.8,Tier 4,270
Jay Higgins,LB,BAL,115.0,jay higgins,2.0,9999999.0,9999999.0,-19.8,Tier 4,271
Julian Okwara,LB,CLE,115.0,julian okwara,2.0,9999999.0,9999999.0,-19.8,Tier 4,272
Cole Christiansen,LB,KC,115.0,cole christiansen,2.0,9999999.0,9999999.0,-19.8,Tier 4,273
Yasir Abdullah,LB,JAX,115.0,yasir abdullah,2.0,9999999.0,9999999.0,-19.8,Tier 4,274
Jordan Magee,LB,WAS,115.0,jordan magee,2.0,9999999.0,9999999.0,-19.8,Tier 4,275
Dorian Mausi,LB,TEN,115.0,dorian mausi,2.0,9999999.0,9999999.0,-19.8,Tier 4,276
Trevis Gipson,LB,CAR,115.0,trevis gipson,2.0,9999999.0,9999999.0,-19.8,Tier 4,277
Malik Harrison,LB,PIT,115.0,malik harrison,2.0,9999999.0,9999999.0,-19.8,Tier 4,278
Ja'Marr Chase,WR,CIN,3.1,jamarr chase,1.0,3.0,2.5,-20.1,Tier 4,279
Reed Blankenship,DB,HOU,99.125,reed blankenship,1.0,428.0,428.0,-20.5,Tier 4,280
Jonas Sanker,DB,NO,98.0,jonas sanker,1.0,999.0,999.0,-21.6,Tier 4,281
Kansas City Chiefs,DEF,KC,172.0,kansas city chiefs,1.0,164.0,95.0,-22.0,Tier 4,282
Bryce Young,QB,CAR,248.6,bryce young,1.0,119.0,72.0,-22.0,Tier 4,283
Devon Witherspoon,DB,SEA,97.0625,devon witherspoon,1.0,311.0,311.0,-22.5,Tier 4,284
Riley Moss,DB,DEN,96.9125,riley moss,1.0,529.0,529.0,-22.7,Tier 4,285
Tyler Nubin,DB,NYG,96.7875,tyler nubin,1.0,396.0,396.0,-22.8,Tier 4,286
C.J. Stroud,QB,HOU,247.3,cj stroud,1.0,98.0,61.0,-23.3,Tier 4,287
Chuba Hubbard,RB,CAR,197.7,chuba hubbard,1.0,66.0,48.5,-23.7,Tier 4,288
T.J. Hockenson,TE,MIN,133.8,tj hockenson,1.0,128.0,75.0,-25.6,Tier 4,289
Brenton Strange,TE,JAX,132.1,brenton strange,1.0,104.0,62.5,-27.3,Tier 4,290
J.K. Dobbins,RB,DEN,193.8,jk dobbins,1.0,68.0,47.0,-27.6,Tier 4,291
AJ Barner,TE,SEA,128.4,aj barner,1.0,126.0,75.5,-31.0,Tier 4,292
Rico Dowdle,RB,PIT,185.0,rico dowdle,2.0,65.0,48.5,-36.4,Tier 4,293
Cam Ward,QB,TEN,232.1,cam ward,1.0,95.0,60.5,-38.5,Tier 4,294
Geno Smith,QB,NYJ,228.1,geno smith,1.0,187.0,108.5,-42.5,Tier 4,295
Jonathon Brooks,RB,CAR,165.3,jonathon brooks,2.0,88.0,63.0,-56.1,Tier 4,296
Oronde Gadsden,TE,LAC,93.4,oronde gadsden,1.0,83.0,56.0,-66.0,Tier 4,297
Kyle Monangai,RB,CHI,155.3,kyle monangai,2.0,61.0,49.0,-66.1,Tier 4,298
Jordan Mason,RB,MIN,150.2,jordan mason,1.0,99.0,67.5,-71.2,Tier 4,299
Fernando Mendoza,QB,LV,191.7,fernando mendoza,1.0,87.0,58.0,-78.9,Tier 4,300
