"id","first_name","last_name","team","position","pos","points","floor","ceiling","sd_pts","player_name"
"13589","Josh","Allen","BUF","QB","QB",397.857328430567,394.684139222519,423.807627614176,0.824576524249084,"Josh Allen"
"13593","Lamar","Jackson","BAL","QB","QB",352.165728543349,339.173763259012,383.506343727301,7.43655841829748,"Lamar Jackson"
"16581","Jayden","Daniels","WAS","QB","QB",347.329341609694,336.011530038263,377.415571278875,6.56055911762554,"Jayden Daniels"
"14783","Jalen","Hurts","PHI","QB","QB",342.964158056224,331.807458851867,363.601738326334,8.74032852685515,"Jalen Hurts"
"12620","Dak","Prescott","DAL","QB","QB",341.583550481965,324.423801489399,361.922408036924,14.1362021802733,"Dak Prescott"
"14777","Joe","Burrow","CIN","QB","QB",338.052878163791,335.057074444241,374.179059312982,0.970876540932647,"Joe Burrow"
"9431","Matthew","Stafford","LAR","QB","QB",334.569918851154,320.080740218941,361.952877573867,21.1919591667731,"Matthew Stafford"
"12611","Jared","Goff","DET","QB","QB",330.954663746604,305.081103353083,357.124597669358,26.8465070307794,"Jared Goff"
"15237","Trevor","Lawrence","JAC","QB","QB",327.077662144856,310.020737231331,354.529538613406,13.2000137454892,"Trevor Lawrence"
"16579","Caleb","Williams","CHI","QB","QB",326.104037162474,300.56437207795,354.716045243529,39.4580260293088,"Caleb Williams"
"17032","Jaxson","Dart","NYG","QB","QB",323.771688354523,311.328147877321,349.618373139266,8.606505326752,"Jaxson Dart"
"16580","Drake","Maye","NEP","QB","QB",323.069560808866,315.394391494141,344.57775384812,5.79623205316808,"Drake Maye"
"16582","Bo","Nix","DEN","QB","QB",321.893252389974,297.836202605091,350.860699099917,42.2582707988615,"Bo Nix"
"15698","Brock","Purdy","SFO","QB","QB",321.322143179288,311.43586241458,334.65201019223,4.66855092628586,"Brock Purdy"
"13116","Patrick","Mahomes","KCC","QB","QB",317.23386776638,299.422719958955,341.110165857206,17.3527024988859,"Patrick Mahomes"
"14779","Justin","Herbert","LAC","QB","QB",315.669891410989,291.944616245693,339.526741456083,21.6887034028748,"Justin Herbert"
"13590","Baker","Mayfield","TBB","QB","QB",304.576510336038,278.314994888663,330.426881896192,28.6858449343583,"Baker Mayfield"
"14782","Jordan","Love","GBP","QB","QB",295.17667282388,283.243358793237,321.756937378427,11.2931323135926,"Jordan Love"
"17039","Tyler","Shough","NOS","QB","QB",294.294174808367,275.811930866465,310.652415436419,8.60128946127906,"Tyler Shough"
"15694","Malik","Willis","MIA","QB","QB",287.935976781916,267.665108490549,305.180781419935,19.6693605154034,"Malik Willis"
"14056","Kyler","Murray","MIN","QB","QB",285.532602343686,256.117110698171,319.024122962648,4.9126280922166,"Kyler Murray"
"13592","Sam","Darnold","SEA","QB","QB",284.837651852347,265.883835491083,304.055929609662,14.4917420216514,"Sam Darnold"
"14059","Daniel","Jones","IND","QB","QB",281.576990915546,137.581766122888,304.511750059347,19.4726983084959,"Daniel Jones"
"16150","C.J.","Stroud","HOU","QB","QB",279.118378259432,252.110144778231,304.122625976341,32.2425121299087,"C.J. Stroud"
"16148","Bryce","Young","CAR","QB","QB",273.265549682798,250.471609399508,303.013414682358,32.4276170696947,"Bryce Young"
"17030","Cam","Ward","TEN","QB","QB",239.23561569675,218.807541741418,272.102923428273,13.8023445395879,"Cam Ward"
"7836","Aaron","Rodgers","PIT","QB","QB",238.774254806912,209.566403325882,288.466633530586,13.138985950612,"Aaron Rodgers"
"12616","Jacoby","Brissett","ARI","QB","QB",234.341601630766,196.982669979411,284.838818486605,30.8046063508103,"Jacoby Brissett"
"11150","Geno","Smith","NYJ","QB","QB",229.871149439476,209.089130284721,243.628349681102,18.5441734898466,"Geno Smith"
"17462","Fernando","Mendoza","LVR","QB","QB",201.345477451037,162.527681610754,239.840307881102,22.8223662486384,"Fernando Mendoza"
"14778","Tua","Tagovailoa","ATL","QB","QB",168.503752139153,105.80616636621,232.044564074244,67.1168209269094,"Tua Tagovailoa"
"13113","Deshaun","Watson","CLE","QB","QB",115.496368603006,46.0494795580636,192.373546927775,94.732051200595,"Deshaun Watson"
"16583","Michael","Penix Jr.","ATL","QB","QB",101.932112519216,44.372,175.652363289985,55.5561540209901,"Michael Penix Jr."
"17031","Shedeur","Sanders","CLE","QB","QB",100.262716591862,42.21,140.472008787778,35.3260834326755,"Shedeur Sanders"
"12141","Marcus","Mariota","WAS","QB","QB",45.435,23.3,55.466,4.06232399999998,"Marcus Mariota"
"10700","Kirk","Cousins","LVR","QB","QB",36.8601721089987,29.9552672494709,103.529371933205,5.79471604653449,"Kirk Cousins"
"16584","J.J.","McCarthy","MIN","QB","QB",34.5166305750763,4.71,61.3626089201221,37.0401829812163,"J.J. McCarthy"
"17037","Dillon","Gabriel","CLE","QB","QB",32.9551848955132,8.16451848955133,57.7458513014751,40.8384911260879,"Dillon Gabriel"
"16586","Spencer","Rattler","NOS","QB","QB",29.915,1.325,80.129,24.83355,"Spencer Rattler"
"15241","Mac","Jones","SFO","QB","QB",28.25,4.95,54.662,6.96822,"Mac Jones"
"17466","Carson","Beck","ARI","QB","QB",27.975,12.94,34.09,0.889559999999991,"Carson Beck"
"13595","Mason","Rudolph","PIT","QB","QB",26.88,9.23,60.098,13.04688,"Mason Rudolph"
"16152","Anthony","Richardson","IND","QB","QB",26.26,10.765,36.091,10.363374,"Anthony Richardson"
"9064","Joe","Flacco","CIN","QB","QB",24.5525,4.095,45.2515,29.399958,"Joe Flacco"
"14067","Gardner","Minshew","ARI","QB","QB",23.7675,12.961,30.826,7.76882400000001,"Gardner Minshew"
"15238","Justin","Fields","KCC","QB","QB",21.91,5.82,64.104,4.89258,"Justin Fields"
"17034","Quinn","Ewers","MIA","QB","QB",20.44,5.7475,44.7855,13.765941,"Quinn Ewers"
"10413","Tyrod","Taylor","GBP","QB","QB",19.1825,8.43,40.227,7.11648,"Tyrod Taylor"
"14789","Tyler","Huntley","BAL","QB","QB",18.3125,12.605,25.16,8.22843000000001,"Tyler Huntley"
"16585","Joe","Milton","DAL","QB","QB",17.0475,8.47,31.861,7.70952,"Joe Milton"
"14358","Jake","Browning","TBB","QB","QB",16.8075,8.59,21.037,2.86141799999999,"Jake Browning"
"17035","Riley","Leonard","IND","QB","QB",16.275,3.447,68.5739822483078,11.771844,"Riley Leonard"
"10313","Andy","Dalton","PHI","QB","QB",15.3575,10.455,18.672,3.825108,"Andy Dalton"
"15697","Desmond","Ridder","FA","QB","QB",14.15,14.15,14.15,NA,"Desmond Ridder"
"12610","Carson","Wentz","MIN","QB","QB",13.765,10.9165,16.6135,4.692429,"Carson Wentz"
"14063","Jarrett","Stidham","DEN","QB","QB",13.55,13.55,13.55,NA,"Jarrett Stidham"
"15702","Tanner","McKee","PHI","QB","QB",12.825,3.34,23.23,14.67774,"Tanner McKee"
"17463","Ty","Simpson","LAR","QB","QB",12.4375,-2.22,25.635,20.23749,"Ty Simpson"
"11760","Jimmy","Garoppolo","LAR","QB","QB",12.3,12.3,12.3,NA,"Jimmy Garoppolo"
"16384","Tyson","Bagent","CHI","QB","QB",11.9825,7.362,14.175,1.11195,"Tyson Bagent"
"15240","Trey","Lance","LAC","QB","QB",11.9475,8.89,15.001,5.026014,"Trey Lance"
"17036","Will","Howard","PIT","QB","QB",11.125,10.1575,12.0925,1.593795,"Will Howard"
"12140","Jameis","Winston","NYG","QB","QB",11.075,1.1,53.962,12.30558,"Jameis Winston"
"17702","Behren","Morton","NEP","QB","QB",11,11,11,NA,"Behren Morton"
"16868","Adrian","Martinez","SFO","QB","QB",10.75,10.75,10.75,NA,"Adrian Martinez"
"15948","Chris","Oladokun","KCC","QB","QB",10.6,10.6,10.6,NA,"Chris Oladokun"
"17465","Garrett","Nussmeier","KCC","QB","QB",10.55,10.55,10.55,NA,"Garrett Nussmeier"
"17654","Cole","Payton","PHI","QB","QB",10.45,10.45,10.45,NA,"Cole Payton"
"15692","Kenny","Pickett","CAR","QB","QB",10.4,3.63,26.85,1.18608,"Kenny Pickett"
"13119","Joshua","Dobbs","DET","QB","QB",10.055,2.253,14.025,2.59455,"Joshua Dobbs"
"17468","Drew","Allar","PIT","QB","QB",10.05,10.05,10.05,NA,"Drew Allar"
"16149","Will","Levis","TEN","QB","QB",10.03,8.887,11.173,1.882902,"Will Levis"
"13115","Mitchell","Trubisky","TEN","QB","QB",9.6375,2.14,14.875,6.30105,"Mitchell Trubisky"
"14057","Drew","Lock","SEA","QB","QB",9.48,7.797,11.163,2.772462,"Drew Lock"
"16159","Aidan","O'Connell","LVR","QB","QB",9.43,9.43,9.43,NA,"Aidan O'Connell"
"15252","Davis","Mills","HOU","QB","QB",9.3125,7.6625,47.1605,1.55673,"Davis Mills"
"13879","Kyle","Allen","BUF","QB","QB",7.7925,1.578,11.595,3.78063,"Kyle Allen"
"13968","Nick","Mullens","JAC","QB","QB",7.53,5.667,9.393,3.068982,"Nick Mullens"
"15248","Shane","Buechele","BUF","QB","QB",6.85,0.640000000000001,13.06,10.22994,"Shane Buechele"
"17033","Jalen","Milroe","SEA","QB","QB",5.985,1.9215,10.0485,6.693939,"Jalen Milroe"
"17040","Brady","Cook","NYJ","QB","QB",5.28,0.762,9.798,7.442652,"Brady Cook"
"16441","Tommy","DeVito","NEP","QB","QB",3.78,3.78,3.78,NA,"Tommy DeVito"
"13124","Cooper","Rush","ATL","QB","QB",3.62,3.62,3.62,NA,"Cooper Rush"
"17467","Cade","Klubnik","NYJ","QB","QB",2.5025,-0.180000000000002,9.189,0.296520000000002,"Cade Klubnik"
"17282","Max","Brosmer","MIN","QB","QB",1.61,1.61,1.61,NA,"Max Brosmer"
"15239","Zach","Wilson","NOS","QB","QB",0.66,0.66,0.66,NA,"Zach Wilson"
"16161","Bijan","Robinson","ATL","RB","RB",389.07806523947,370.265371363101,414.222546008592,15.9109849294954,"Bijan Robinson"
"16162","Jahmyr","Gibbs","DET","RB","RB",377.159158024221,363.794079083718,390.659541738377,10.4410775902579,"Jahmyr Gibbs"
"14802","Jonathan","Taylor","IND","RB","RB",369.781316121295,347.682387703626,387.800914072702,10.8250284843072,"Jonathan Taylor"
"13130","Christian","McCaffrey","SFO","RB","RB",332.196231421252,313.247185535381,341.318069876639,12.652033136387,"Christian McCaffrey"
"12626","Derrick","Henry","BAL","RB","RB",330.329974140847,311.792757013054,350.374088916842,16.2608216657062,"Derrick Henry"
"15715","James","Cook","BUF","RB","RB",314.981244655376,305.65458562603,335.175309984032,10.5462053538183,"James Cook"
"13604","Saquon","Barkley","PHI","RB","RB",308.909681163376,293.984356107299,324.146455001979,9.07340187379475,"Saquon Barkley"
"16167","De'Von","Achane","MIA","RB","RB",295.252298890196,274.602932669162,321.242199125813,14.8543034186396,"De'Von Achane"
"16181","Chase","Brown","CIN","RB","RB",278.827269031698,269.344020419354,302.730328316794,13.8756491533335,"Chase Brown"
"17042","Ashton","Jeanty","LVR","RB","RB",278.209480386629,254.07618780058,323.984450541596,12.4548101451963,"Ashton Jeanty"
"15711","Kenneth","Walker III","KCC","RB","RB",271.356509926025,247.734048868974,289.082342046008,22.6156536859706,"Kenneth Walker III"
"17044","Omarion","Hampton","LAC","RB","RB",269.054179659328,243.376003178096,293.663854420316,26.9819577772465,"Omarion Hampton"
"14073","Josh","Jacobs","GBP","RB","RB",262.971070210364,243.673536660969,277.073790895055,17.4981897932275,"Josh Jacobs"
"15710","Kyren","Williams","LAR","RB","RB",260.396617787788,249.206843965816,271.299352700073,5.52077288590521,"Kyren Williams"
"17472","Jeremiyah","Love","ARI","RB","RB",258.759619392675,227.591417035438,278.069408423862,27.6261845078915,"Jeremiyah Love"
"15256","Javonte","Williams","DAL","RB","RB",255.929038214909,231.724985310452,285.887748345317,21.9153949814645,"Javonte Williams"
"15708","Breece","Hall","NYJ","RB","RB",253.415360398848,226.236766346004,281.449589904163,29.3628884212372,"Breece Hall"
"15253","Travis","Etienne","NOS","RB","RB",249.902607233506,238.298716782251,274.67051171279,7.9211181802464,"Travis Etienne"
"16598","Bucky","Irving","TBB","RB","RB",242.912624934846,220.695155043755,272.517675973677,32.6563865730284,"Bucky Irving"
"17045","Cam","Skattebo","NYG","RB","RB",240.977059656081,222.862340921223,252.409579011143,12.4366564774692,"Cam Skattebo"
"17051","Quinshon","Judkins","CLE","RB","RB",240.233949874511,213.108936012785,280.717804923085,30.2983712150902,"Quinshon Judkins"
"14797","D'Andre","Swift","CHI","RB","RB",227.724303402406,205.292158683805,250.189465855608,14.0404314589337,"D'Andre Swift"
"17052","Bhayshul","Tuten","JAC","RB","RB",221.289144422951,209.850172911399,233.632624934846,10.9032392627062,"Bhayshul Tuten"
"14071","David","Montgomery","HOU","RB","RB",212.729073783893,202.329635721954,235.985925292199,10.9337295915639,"David Montgomery"
"17043","TreVeyon","Henderson","NEP","RB","RB",205.38098203627,198.144342445137,246.54172035578,6.32944475327487,"TreVeyon Henderson"
"17473","Jadarian","Price","SEA","RB","RB",199.59218339916,121.016816308885,225.231663778012,21.8201522547157,"Jadarian Price"
"15742","Jaylen","Warren","PIT","RB","RB",197.82311990716,179.984208447122,210.055360113216,6.24457492841231,"Jaylen Warren"
"14085","Tony","Pollard","TEN","RB","RB",195.60746595539,179.565112693581,205.610130228618,2.63043623873461,"Tony Pollard"
"14823","Rico","Dowdle","PIT","RB","RB",194.490610973338,176.863826630343,206.882342378615,14.0133464403982,"Rico Dowdle"
"15259","Rhamondre","Stevenson","NEP","RB","RB",188.43863241451,167.356392141932,203.874660603612,18.7192132201991,"Rhamondre Stevenson"
"14800","J.K.","Dobbins","DEN","RB","RB",185.529709868019,167.531529779997,202.858660204484,18.2831819523839,"J.K. Dobbins"
"15261","Chuba","Hubbard","CAR","RB","RB",179.106123480689,171.762858526016,191.810971548508,8.08016999999998,"Chuba Hubbard"
"17066","Kyle","Monangai","CHI","RB","RB",173.314674631641,156.096618186917,183.825989150067,11.6933133899005,"Kyle Monangai"
"17068","RJ","Harvey","DEN","RB","RB",171.707726080093,136.68,202.338985776102,51.1150746937727,"RJ Harvey"
"17256","Jacory","Croskey-Merritt","WAS","RB","RB",162.778473268751,156.522823123336,172.904851312437,6.56713215915637,"Jacory Croskey-Merritt"
"15972","Jordan","Mason","MIN","RB","RB",161.115805355474,139.599890288647,176.36147320223,17.6263328593791,"Jordan Mason"
"16597","Jonathon","Brooks","CAR","RB","RB",153.553173011181,124.507466454301,184.719861899981,26.8570635436208,"Jonathon Brooks"
"13319","Aaron","Jones","MIN","RB","RB",153.404197859578,125.909918810355,167.100201366586,15.8025254004454,"Aaron Jones"
"15721","Rachaad","White","WAS","RB","RB",152.563279219222,124.730017738297,161.245812801878,3.94387346404262,"Rachaad White"
"15255","Kenneth","Gainwell","TBB","RB","RB",148.847356760592,111.541159643567,173.018959759233,28.8937690815414,"Kenneth Gainwell"
"16593","Blake","Corum","LAR","RB","RB",147.76191854427,141.812413250498,170.54410223908,2.76858528379615,"Blake Corum"
"17053","Woody","Marks","HOU","RB","RB",135.779586623851,123.041431184663,144.917826763386,10.1511474429526,"Woody Marks"
"16169","Zach","Charbonnet","SEA","RB","RB",133.520152068919,113.634964800579,162.170116599717,24.096179204218,"Zach Charbonnet"
"16165","Tyjae","Spears","TEN","RB","RB",125.455,109.3,140.914098371212,13.49166,"Tyjae Spears"
"16747","Tyrone","Tracy","NYG","RB","RB",122.557425822522,79.36,141.58597525508,26.6161797932275,"Tyrone Tracy"
"15749","Isiah","Pacheco","DET","RB","RB",114.807161753569,94.9830143358106,135.366879834146,22.7169942812417,"Isiah Pacheco"
"13132","Alvin","Kamara","NOS","RB","RB",110.157285337105,83.2011869658926,119.580757706,8.06936875920821,"Alvin Kamara"
"16174","Chris","Rodriguez","JAC","RB","RB",109.419316207255,84.0921646778842,135.890575903264,14.0700309709195,"Chris Rodriguez"
"15712","Tyler","Allgeier","ARI","RB","RB",105.620078558461,90.2,120.101774490107,10.7021671969724,"Tyler Allgeier"
"14080","Devin","Singletary","NYG","RB","RB",98.855,92.6855,105.0245,10.163223,"Devin Singletary"
"15716","Brian","Robinson","ATL","RB","RB",98.6924759454654,83.0928963726202,105.631904649283,7.73882107546874,"Brian Robinson"
"15738","Malik","Davis","DAL","RB","RB",90.2955000351085,78.5455500035109,102.045450066706,19.3560843520519,"Malik Davis"
"14086","Justice","Hill","BAL","RB","RB",90.27,77.572,103.54,17.19816,"Justice Hill"
"16164","Tank","Bigsby","PHI","RB","RB",89.4528022808557,70.44,110.009833846626,26.7650846615967,"Tank Bigsby"
"14095","Ty","Johnson","BUF","RB","RB",86,74.704,96.12,12.15732,"Ty Johnson"
"16604","MarShawn","Lloyd","GBP","RB","RB",85.85,39.52,103.123273587315,12.82449,"MarShawn Lloyd"
"17047","Dylan","Sampson","CLE","RB","RB",83.8,69.4,112.04,7.69469400000002,"Dylan Sampson"
"13138","Kareem","Hunt","FA","RB","RB",80.4001043205113,80.4001043205113,80.4001043205113,NA,"Kareem Hunt"
"13133","Samaje","Perine","CIN","RB","RB",80.386480295463,65.57,95.5560956416901,7.19061000000003,"Samaje Perine"
"13146","James","Conner","ARI","RB","RB",79.7,44.5563283766965,110.842,18.547326,"James Conner"
"14223","Alexander","Mattison","MIA","RB","RB",79.4414812129033,79.4414812129033,79.4414812129033,NA,"Alexander Mattison"
"16178","Keaton","Mitchell","LAC","RB","RB",77.85,55.888,91.8726932189198,15.4378851524707,"Keaton Mitchell"
"16596","Braelon","Allen","NYJ","RB","RB",75.3,62.85,113.615082745447,4.15128,"Braelon Allen"
"17482","Mike","Washington Jr.","LVR","RB","RB",73.58,63.21,128.218701061711,10.274418,"Mike Washington Jr."
"17477","Jonah","Coleman","DEN","RB","RB",73.3185036086373,35.7,91.2274014434549,20.45988,"Jonah Coleman"
"13131","Joe","Mixon","FA","RB","RB",72.2714144719027,72.2714144719027,72.2714144719027,NA,"Joe Mixon"
"16757","Kimani","Vidal","LAC","RB","RB",72.2192809708781,43.1,102.550849553405,23.57334,"Kimani Vidal"
"14852","Antonio","Gibson","FA","RB","RB",71.7,71.7,71.7,NA,"Antonio Gibson"
"16603","Ray","Davis","BUF","RB","RB",71,41.745,83.5825,11.008305,"Ray Davis"
"16610","Jaylen","Wright","MIA","RB","RB",64.485,44.6,75.674,13.93644,"Jaylen Wright"
"15258","Michael","Carter","TEN","RB","RB",63.84,49.584,78.096,23.484384,"Michael Carter"
"15254","Najee","Harris","NYG","RB","RB",60.9,50.24,74.36,11.845974,"Najee Harris"
"17055","Jordan","James","SFO","RB","RB",60.6,32.6,110.209111067591,22.53552,"Jordan James"
"17485","Kaelon","Black","SFO","RB","RB",59.7,25.78,113.034043835759,29.05896,"Kaelon Black"
"16166","Sean","Tucker","TBB","RB","RB",58.9,34.58,80.866,29.50374,"Sean Tucker"
"16432","Emanuel","Wilson","SEA","RB","RB",54.9239276092865,10.4,96.5182841748584,43.9410841470564,"Emanuel Wilson"
"17474","Emmett","Johnson","KCC","RB","RB",53.445,45.78,59.997,7.48713,"Emmett Johnson"
"15713","Jerome","Ford","FA","RB","RB",52.65,38.295,67.005,23.64747,"Jerome Ford"
"16385","Emari","Demercado","KCC","RB","RB",52.55,40.494,92.6636904741674,11.8608,"Emari Demercado"
"13404","Austin","Ekeler","FA","RB","RB",52.2,34.92,69.48,28.46592,"Austin Ekeler"
"16390","Jaleel","McLaughlin","DEN","RB","RB",48.45,46.965,49.935,2.44629,"Jaleel McLaughlin"
"14805","AJ","Dillon","CAR","RB","RB",48.1845521450412,7.964,91.5003877221482,63.069804,"AJ Dillon"
"17069","Jaydon","Blue","DAL","RB","RB",47.775,42.601,55.155,4.625712,"Jaydon Blue"
"16608","George","Holani","SEA","RB","RB",47.2139580926858,18.087,78.3204575151316,27.709794,"George Holani"
"16752","Isaiah","Davis","NYJ","RB","RB",46.74,38.76,58.576,7.97638799999998,"Isaiah Davis"
"17049","Brashard","Smith","KCC","RB","RB",46.413285611718,38.9589713670308,57.4,6.775482,"Brashard Smith"
"15727","Bam","Knight","ARI","RB","RB",45.8,43.01,48.59,4.59606,"Bam Knight"
"17046","Devin","Neal","NOS","RB","RB",45.01,41.156,53.36,1.719816,"Devin Neal"
"17652","Adam","Randall","BAL","RB","RB",44.325,4.0335,97.182222493724,37.502367,"Adam Randall"
"15723","Ty","Chandler","NOS","RB","RB",44,36.35,51.65,12.6021,"Ty Chandler"
"11367","Kyle","Juszczyk","SFO","RB","RB",43.23,37.28,49.768,5.500446,"Kyle Juszczyk"
"16595","Audric","Estime","NOS","RB","RB",41.58,35.532,47.628,9.963072,"Audric Estime"
"16387","Chris","Brooks","GBP","RB","RB",39.5,25.24,85.5450827454469,17.390898,"Chris Brooks"
"17061","LeQuint","Allen","JAC","RB","RB",38.7,21.196,45.86,6.22692000000001,"LeQuint Allen"
"13143","Jeremy","McNichols","WAS","RB","RB",37.785,28.5,44.646,8.80664400000001,"Jeremy McNichols"
"17059","Ollie","Gordon","MIA","RB","RB",36.2625,35.3425,54.235,0.815430000000006,"Ollie Gordon"
"17062","Raheim","Sanders","CLE","RB","RB",33.995,29.3195,38.6705,7.702107,"Raheim Sanders"
"16594","Trey","Benson","FA","RB","RB",33.4,14.41,52.39,31.28286,"Trey Benson"
"17060","DJ","Giddens","IND","RB","RB",32.3,27.6265,50.26,4.529343,"DJ Giddens"
"16688","Isaac","Guerendo","SFO","RB","RB",32.2727776528777,30.0829995503597,33.619,1.34916600000001,"Isaac Guerendo"
"17337","Zavier","Scott","MIN","RB","RB",31.41,31.41,31.41,NA,"Zavier Scott"
"16391","Hunter","Luepke","DAL","RB","RB",29.96,29.96,29.96,NA,"Hunter Luepke"
"15263","Elijah","Mitchell","FA","RB","RB",28.4,28.4,28.4,NA,"Elijah Mitchell"
"17478","Kaytron","Allen","WAS","RB","RB",28.17,14.268,36.92,10.52646,"Kaytron Allen"
"17486","Jam","Miller","NEP","RB","RB",27.2,27.2,27.2,NA,"Jam Miller"
"17481","Demond","Claiborne","MIN","RB","RB",26.4,13.806,52.37,10.630242,"Demond Claiborne"
"14811","Salvon","Ahmed","CHI","RB","RB",26.3,26.3,26.3,NA,"Salvon Ahmed"
"16773","Jawhar","Jordan","HOU","RB","RB",25.6045736434109,14.7617441860465,80.582,10.215114,"Jawhar Jordan"
"16168","Israel","Abanikanda","DAL","RB","RB",25.6,25.6,25.6,NA,"Israel Abanikanda"
"16171","Kendre","Miller","NOS","RB","RB",25.475,12.915,38.77,15.71556,"Kendre Miller"
"15260","Jaret","Patterson","LAC","RB","RB",25.41,25.41,25.41,NA,"Jaret Patterson"
"16864","Carlos","Washington","MIA","RB","RB",24.8,24.8,24.8,NA,"Carlos Washington"
"17475","Seth","McGowan","IND","RB","RB",23.1125,8.9775,38.525,18.124785,"Seth McGowan"
"16601","Will","Shipley","PHI","RB","RB",23.045,18.524,34.454,0.355823999999998,"Will Shipley"
"16175","Roschon","Johnson","CHI","RB","RB",22.625,13.645,35.245,11.04537,"Roschon Johnson"
"17063","Phil","Mafah","DAL","RB","RB",22.245,3.222,33.66,10.97124,"Phil Mafah"
"12447","Raheem","Mostert","LVR","RB","RB",19.1,19.1,19.1,NA,"Raheem Mostert"
"16599","Frank","Gore Jr.","BUF","RB","RB",19.06,2.914,35.206,26.597844,"Frank Gore Jr."
"14076","Trayveon","Williams","DET","RB","RB",18.77,4.793,32.747,23.024778,"Trayveon Williams"
"14319","Andrew","Beck","NYJ","RB","RB",18.64,18.406,18.874,0.385475999999997,"Andrew Beck"
"17476","Nicholas","Singleton","TEN","RB","RB",18.225,3.678,68.6,13.654746,"Nicholas Singleton"
"17048","Kaleb","Johnson","PIT","RB","RB",16.6425,12.0195,68.835,4.121628,"Kaleb Johnson"
"12155","Ameer","Abdullah","JAC","RB","RB",15.97,15.97,15.97,NA,"Ameer Abdullah"
"16746","Rasheen","Ali","BAL","RB","RB",15.3598170731707,14.4764634146341,17.5634634146341,0.0958265853658508,"Rasheen Ali"
"15717","Dameon","Pierce","PHI","RB","RB",13.92,3.408,24.432,17.316768,"Dameon Pierce"
"17058","Tahj","Brooks","CIN","RB","RB",13.785,8.506,22.24,5.426316,"Tahj Brooks"
"13148","Dare","Ogunbowale","LVR","RB","RB",11.09,11.09,11.09,NA,"Dare Ogunbowale"
"17056","Trevor","Etienne","CAR","RB","RB",11.0725,7.601,14.18,4.74432,"Trevor Etienne"
"15726","Ronnie","Rivers","LAR","RB","RB",10.47,10.47,10.47,NA,"Ronnie Rivers"
"12325","Michael","Burton","CLE","RB","RB",10.22,1.148,19.292,14.944608,"Michael Burton"
"15650","Adam","Prentice","DEN","RB","RB",9.67,9.67,9.67,NA,"Adam Prentice"
"17267","Lan","Larison","NEP","RB","RB",9.12,9.12,9.12,NA,"Lan Larison"
"16816","British","Brooks","HOU","RB","RB",7.94,7.94,7.94,NA,"British Brooks"
"16180","Evan","Hull","ARI","RB","RB",6,6,6,NA,"Evan Hull"
"17274","Corey","Kiner","ARI","RB","RB",4.85,4.85,4.85,NA,"Corey Kiner"
"16613","Dylan","Laube","LVR","RB","RB",4.365,3.9645,4.7655,0.659757000000001,"Dylan Laube"
"15720","Hassan","Haskins","NEP","RB","RB",4.13,4.13,4.13,NA,"Hassan Haskins"
"15730","Tyler","Goodson","ATL","RB","RB",3.49,3.49,3.49,NA,"Tyler Goodson"
"16678","Sione","Vaki","DET","RB","RB",3.41,3.41,3.41,NA,"Sione Vaki"
"14420","Alec","Ingold","LAC","RB","RB",2.94,2.94,2.94,NA,"Alec Ingold"
"14331","D'Ernest","Johnson","TEN","RB","RB",2.88,2.88,2.88,NA,"D'Ernest Johnson"
"15733","Pierre","Strong Jr.","GBP","RB","RB",2.8,2.8,2.8,NA,"Pierre Strong Jr."
"16173","Eric","Gray","NYG","RB","RB",2.72,2.72,2.72,NA,"Eric Gray"
"15714","Zamir","White","NOS","RB","RB",1.76,1.76,1.76,NA,"Zamir White"
"17050","Kalel","Mullings","TEN","RB","RB",1.44,1.44,1.44,NA,"Kalel Mullings"
"15414","Kene","Nwangwu","NYJ","RB","RB",1.135,1.0135,1.2565,0.200151,"Kene Nwangwu"
"15103","Reggie","Gilliam","NEP","RB","RB",1.03,1.03,1.03,NA,"Reggie Gilliam"
"17348","Nathan","Carter","ATL","RB","RB",0.96,0.96,0.96,NA,"Nathan Carter"
"17307","Ulysses","Bentley","IND","RB","RB",0.85,0.85,0.85,NA,"Ulysses Bentley"
"16850","Jacob","Saylors","DET","RB","RB",0.41,0.347,0.473,0.103782,"Jacob Saylors"
"13455","Patrick","Ricard","NYG","RB","RB",0.28,0.28,0.28,NA,"Patrick Ricard"
"17359","Josh","Williams","TBB","RB","RB",0.11,0.101,0.119,0.014826,"Josh Williams"
"16211","Puka","Nacua","LAR","WR","WR",335.629577817214,327.0049718464,353.919298993492,3.36081150997928,"Puka Nacua"
"15281","Ja'Marr","Chase","CIN","WR","WR",325.585358321345,318.790844329157,352.09993179175,3.7980271367424,"Ja'Marr Chase"
"16185","Jaxon","Smith-Njigba","SEA","WR","WR",316.720997468706,304.020889697888,333.707028454697,2.66012531049638,"Jaxon Smith-Njigba"
"15287","Amon-Ra","St. Brown","DET","WR","WR",288.171234478756,284.481808002108,290.379012999414,2.54945350177782,"Amon-Ra St. Brown"
"14832","CeeDee","Lamb","DAL","WR","WR",251.328665883303,235.594865647454,268.432320523659,12.7022417776511,"CeeDee Lamb"
"15751","Drake","London","ATL","WR","WR",245.273835727053,217.22132690489,277.662716819457,22.3570071795456,"Drake London"
"14836","Justin","Jefferson","MIN","WR","WR",241.206694785512,222.345228940111,277.192466501571,11.249704604036,"Justin Jefferson"
"15762","George","Pickens","DAL","WR","WR",235.423342595317,206.884433116362,264.154302040362,14.2981513971446,"George Pickens"
"16194","Rashee","Rice","KCC","WR","WR",228.838445430713,208.11700210664,255.327204373331,24.5959363900062,"Rashee Rice"
"14104","A.J.","Brown","NEP","WR","WR",228.320684309675,208.095506071166,247.935392643809,19.8283878263985,"A.J. Brown"
"15754","Chris","Olave","NOS","WR","WR",226.386955190727,196.488605372629,250.232544023119,14.9599420261515,"Chris Olave"
"15290","Nico","Collins","HOU","WR","WR",224.50504701342,208.012222847727,242.198139971395,18.2102686325761,"Nico Collins"
"16615","Malik","Nabers","NYG","WR","WR",212.983354556521,191.326448503498,231.006286603936,17.3393957431534,"Malik Nabers"
"16190","Zay","Flowers","BAL","WR","WR",212.122128380547,194.030041101685,232.392990984326,28.6754543162881,"Zay Flowers"
"17071","Tetairoa","McMillan","CAR","WR","WR",209.234516625488,195.337152922076,228.895970725705,15.2178390121786,"Tetairoa McMillan"
"15282","DeVonta","Smith","PHI","WR","WR",207.827737732707,192.08241017267,217.499945720315,6.1505811177157,"DeVonta Smith"
"17081","Emeka","Egbuka","TBB","WR","WR",206.982818187987,187.940709131295,227.482281819454,11.5697138168715,"Emeka Egbuka"
"15753","Garrett","Wilson","NYJ","WR","WR",204.975428451995,187.646005902885,216.944826523117,6.14417530317823,"Garrett Wilson"
"15756","Jameson","Williams","DET","WR","WR",204.358831307599,196.308504681311,222.211358107169,11.7880836622968,"Jameson Williams"
"14835","Tee","Higgins","CIN","WR","WR",200.626709755873,183.560741147008,219.169832503719,13.5334519857232,"Tee Higgins"
"11675","Davante","Adams","LAR","WR","WR",195.201769373328,189.802191346245,210.932401054365,2.41320956045842,"Davante Adams"
"16627","Ladd","McConkey","LAC","WR","WR",194.378046145815,181.782959457323,213.29252021385,16.9621190963005,"Ladd McConkey"
"14109","Terry","McLaurin","WAS","WR","WR",192.807023854436,177.07335864422,204.168396269883,6.81766207608461,"Terry McLaurin"
"16616","Rome","Odunze","CHI","WR","WR",187.458890925054,176.039348768953,210.411566711693,11.9612176140658,"Rome Odunze"
"15284","Jaylen","Waddle","DEN","WR","WR",186.32693233882,175.160504514665,197.065845623331,6.27131847800125,"Jaylen Waddle"
"17070","Luther","Burden","CHI","WR","WR",186.16024670361,152.755753437383,228.807079195532,25.6686831628802,"Luther Burden"
"13635","D.J.","Moore","BUF","WR","WR",183.554212746174,173.007716551819,225.304391485402,3.28301360285534,"D.J. Moore"
"11671","Mike","Evans","SFO","WR","WR",182.989850407812,167.88713049942,196.365923107166,19.5046279191434,"Mike Evans"
"15768","Alec","Pierce","IND","WR","WR",181.551709755873,163.449522643803,200.293247282814,17.2829355774814,"Alec Pierce"
"15789","Christian","Watson","GBP","WR","WR",181.313381986661,170.247278551204,187.037329551131,6.07022208085656,"Christian Watson"
"13630","Courtland","Sutton","DEN","WR","WR",179.054480930441,169.75695182669,205.489588166435,5.16512859691632,"Courtland Sutton"
"14102","DK","Metcalf","PIT","WR","WR",175.715491059751,161.565054368463,194.449027988632,3.891825,"DK Metcalf"
"16618","Brian","Thomas Jr.","JAC","WR","WR",174.23399690657,151.617156754793,198.037794378718,22.9641997322185,"Brian Thomas Jr."
"16192","Parker","Washington","JAC","WR","WR",173.325573849654,153.999731248327,190.76617790955,20.3698902140162,"Parker Washington"
"16614","Marvin","Harrison Jr.","ARI","WR","WR",171.849140187356,152.171346969952,194.355440375486,24.0004489417257,"Marvin Harrison Jr."
"13163","Chris","Godwin","TBB","WR","WR",166.392144831302,140.430915221027,196.812114824761,24.4177063020111,"Chris Godwin"
"16206","Michael","Wilson","ARI","WR","WR",163.884606551514,148.396954130871,206.372305866373,21.8364095957169,"Michael Wilson"
"17497","Carnell","Tate","TEN","WR","WR",160.381292178569,135.765845110006,187.951672004437,26.0164344351708,"Carnell Tate"
"14842","Michael","Pittman","PIT","WR","WR",153.114835550589,127.945943106127,162.569898101777,6.00152589772821,"Michael Pittman"
"14127","Jakobi","Meyers","JAC","WR","WR",150.875339120094,138.183753540184,170.69962991751,4.11050406657983,"Jakobi Meyers"
"16186","Jordan","Addison","MIN","WR","WR",150.530687759641,131.87973648504,182.044075682596,15.5210902497083,"Jordan Addison"
"16184","Jayden","Reed","GBP","WR","WR",149.324117433671,111.775541275695,180.048491657811,19.5321505588579,"Jayden Reed"
"15757","Wan'Dale","Robinson","TEN","WR","WR",147.597493470848,132.088305055836,203.599993414279,13.3415887277095,"Wan'Dale Robinson"
"16620","Xavier","Worthy","KCC","WR","WR",147.105821851774,116.308264636047,158.428372498327,12.7547777645686,"Xavier Worthy"
"16188","Quentin","Johnston","LAC","WR","WR",146.454063796818,120.379782784973,166.239838522034,27.9626930083055,"Quentin Johnston"
"12801","Tyreek","Hill","FA","WR","WR",145.85677535393,145.85677535393,145.85677535393,NA,"Tyreek Hill"
"16187","Josh","Downs","IND","WR","WR",145.703583521215,130.217526269877,162.083843610164,23.6205658025947,"Josh Downs"
"12186","Stefon","Diggs","WAS","WR","WR",144.347542533774,134.468520700553,156.579677611474,5.28289548741644,"Stefon Diggs"
"14136","Deebo","Samuel","SFO","WR","WR",143.803378478929,119.14074381527,163.701054265568,14.0384902497082,"Deebo Samuel"
"15779","Romeo","Doubs","NEP","WR","WR",141.942949384102,118.305125665135,163.792633505871,19.3129854934451,"Romeo Doubs"
"17075","Matthew","Golden","GBP","WR","WR",136.770318282269,122.146338822102,157.491602519879,11.3672037574302,"Matthew Golden"
"14833","Jerry","Jeudy","CLE","WR","WR",132.934010159965,115.028078523828,153.102992390165,17.1002329785848,"Jerry Jeudy"
"15761","Khalil","Shakir","BUF","WR","WR",132.111036399188,119.26186186965,140.396447589921,6.45955919143392,"Khalil Shakir"
"17499","Makai","Lemon","PHI","WR","WR",130.700124060196,123.297738220056,159.817538155655,6.27052325801367,"Makai Lemon"
"16080","Rashid","Shaheed","SEA","WR","WR",128.198368678663,89.7085452015172,170.781662099622,45.511225457753,"Rashid Shaheed"
"17501","KC","Concepcion","CLE","WR","WR",126.521405876559,76.0594741364832,148.176072131948,20.7067885374426,"KC Concepcion"
"16809","Jalen","Coker","CAR","WR","WR",126.424787894338,109.169924742929,144.528533408887,18.5507895005836,"Jalen Coker"
"16287","Tre","Tucker","LVR","WR","WR",118.614418416967,109.418238096024,126.315649055436,8.08860791914339,"Tre Tucker"
"17514","De'Zhaun","Stribling","SFO","WR","WR",118.429123414273,32.5700626659724,153.466888570526,39.3610419500312,"De'Zhaun Stribling"
"13629","Calvin","Ridley","TEN","WR","WR",116.97937570518,75.6082935075236,160.176834933673,40.9750261117444,"Calvin Ridley"
"16628","Jalen","McMillan","TBB","WR","WR",113.445511991858,104.812556097461,118.25502396471,6.37536157700734,"Jalen McMillan"
"11222","Keenan","Allen","IND","WR","WR",111.028671125943,103.547506936631,130.785503456338,7.07797393322981,"Keenan Allen"
"14860","Jauan","Jennings","MIN","WR","WR",110.473253357698,84.5714238183648,143.47324735824,33.2582739446582,"Jauan Jennings"
"16684","Malik","Washington","MIA","WR","WR",107.468709713673,89.7664329326305,133.097242497086,3.83392474960376,"Malik Washington"
"17500","Denzel","Boston","CLE","WR","WR",107.396733678281,66.420437128126,134.983467848542,30.7347338465922,"Denzel Boston"
"15293","Rashod","Bateman","BAL","WR","WR",107.084621366517,86.9145878595032,126.715450907537,17.5719245184296,"Rashod Bateman"
"15786","Jalen","Nailor","LVR","WR","WR",105.629659782807,79.4890849151188,143.121787277421,16.0964591914339,"Jalen Nailor"
"17498","Jordyn","Tyson","NOS","WR","WR",100.458483790529,73.1290406219911,172.579874254794,25.6419557431534,"Jordyn Tyson"
"16626","Adonai","Mitchell","NYJ","WR","WR",97.6779613453057,78.4781339944573,123.479260477851,21.1337763920162,"Adonai Mitchell"
"16193","Kayshon","Boutte","HOU","WR","WR",97.5873447978208,63.7543992869205,151.040976781732,32.1496022882865,"Kayshon Boutte"
"16788","Devaughn","Vele","NOS","WR","WR",97.2835983815356,71.9291883834034,122.053783726773,24.791605081515,"Devaughn Vele"
"17074","Travis","Hunter","JAC","WR","WR",96.12358984377,75.4153640368831,116.88597785768,18.6961253611001,"Travis Hunter"
"16204","Tank","Dell","HOU","WR","WR",94.3427367364805,46.3787169729444,134.12890886686,19.5695247800124,"Tank Dell"
"13164","Cooper","Kupp","SEA","WR","WR",93.629889387815,81.2924166407439,120.839894631277,6.34365417885631,"Cooper Kupp"
"16201","Xavier","Hutchinson","HOU","WR","WR",89.8813433630848,58.5054911619535,111.09120483453,19.2218250873407,"Xavier Hutchinson"
"14122","Darius","Slayton","NYG","WR","WR",89.0302369500014,75.1833416746506,104.928734274133,16.8273617973413,"Darius Slayton"
"17503","Germie","Bernard","PIT","WR","WR",88.0175918679343,26.7095076462162,103.843914847462,6.4533301545748,"Germie Bernard"
"16778","Ryan","Flournoy","DAL","WR","WR",86.9092287815143,77.3775232108916,98.1738761008263,13.9176883679178,"Ryan Flournoy"
"16751","Bub","Means","NOS","WR","WR",86.3960483603914,86.3960483603914,86.3960483603914,NA,"Bub Means"
"17599","Caleb","Douglas","MIA","WR","WR",84.1589208280638,38.8083147086297,99.5992803629072,15.1548726991558,"Caleb Douglas"
"17072","Tre","Harris","LAC","WR","WR",83.432476692232,71.3217156018,133.881341907913,11.8176203533076,"Tre Harris"
"17080","Jaylin","Noel","HOU","WR","WR",81.9172199933348,68.1147227167681,93.0006264854069,13.2713962067215,"Jaylin Noel"
"17517","Ja'Kobi","Lane","BAL","WR","WR",81.6898803108219,18.2281626932825,128.983485752635,61.1111726931845,"Ja'Kobi Lane"
"16619","Troy","Franklin","DEN","WR","WR",80.365318458013,45.085,120.731049469108,40.7461192521358,"Troy Franklin"
"15787","Tyquan","Thornton","KCC","WR","WR",80.1656183524911,66.4787322158421,98.4252406577977,14.5183851788627,"Tyquan Thornton"
"15788","Jalen","Tolbert","MIA","WR","WR",79.9427692033851,69.2441429302238,128.878817280506,10.050925136636,"Jalen Tolbert"
"16639","Xavier","Legette","CAR","WR","WR",79.5847959220629,71.8899244744316,84.270708132055,4.13571735378236,"Xavier Legette"
"17157","Isaac","TeSlaa","DET","WR","WR",79.4109197753392,62.8860644592024,97.3020789711428,10.4109183993425,"Isaac TeSlaa"
"17506","Chris","Bell","MIA","WR","WR",78.5617772731491,48.1382892701323,101.954603174509,31.2971293460087,"Chris Bell"
"17502","Omar","Cooper Jr.","NYJ","WR","WR",76.0165879463595,47.372,131.022782530653,29.5697659811826,"Omar Cooper Jr."
"16195","Dontayvion","Wicks","PHI","WR","WR",75.8461260791664,64.1714499133893,91.0068502278343,12.602575615166,"Dontayvion Wicks"
"12785","Demarcus","Robinson","SFO","WR","WR",71.8411977909999,62.0662952068208,81.6161003751789,16.1025228570043,"Demarcus Robinson"
"17073","Elic","Ayomanor","TEN","WR","WR",71.8089002173728,26.84,112.558354669659,43.1183745316497,"Elic Ayomanor"
"16207","Andrei","Iosivas","CIN","WR","WR",71.4444489966448,51.0696423806399,87.0567217925027,22.004711870682,"Andrei Iosivas"
"17082","Pat","Bryant","DEN","WR","WR",69.474209442416,59.9797382952084,85.8530887814299,8.523259667051,"Pat Bryant"
"16617","Keon","Coleman","BUF","WR","WR",69.4703653859074,54.1123373051206,87.6771694155512,14.1752390294011,"Keon Coleman"
"13633","Christian","Kirk","SFO","WR","WR",67.9756016451747,31.22,114.280094820522,7.95414899999999,"Christian Kirk"
"15755","Jahan","Dotson","ATL","WR","WR",67.7215395423136,42.829,114.746270798203,24.2815676836227,"Jahan Dotson"
"17512","Antonio","Williams","WAS","WR","WR",66.61544050489,24.9481796767921,108.897955364704,59.0623131780127,"Antonio Williams"
"17706","Malik","Benson","LVR","WR","WR",64.9450444388167,38.7145044438817,91.1755844337517,43.2104428849896,"Malik Benson"
"17511","Malachi","Fields","NYG","WR","WR",63.9810964044845,24.27,127.341947056144,41.06802,"Malachi Fields"
"17171","Chimere","Dike","TEN","WR","WR",63.8894055202472,27.7,98.7132493748894,25.49530118646,"Chimere Dike"
"16189","Marvin","Mims","DEN","WR","WR",63.7836699989101,57.678366999891,69.8889729979292,10.0574691403841,"Marvin Mims"
"17078","Jack","Bech","LVR","WR","WR",61.8482618774867,41.1074470706386,86.3798780002607,20.7599430429002,"Jack Bech"
"14840","Brandon","Aiyuk","SFO","WR","WR",61.6888041235455,25.6124160952671,97.7086212252239,59.2784008889862,"Brandon Aiyuk"
"16342","Demario","Douglas","NEP","WR","WR",61.3216163261162,43.73,89.3478187740184,18.23598,"Demario Douglas"
"15981","KaVontae","Turpin","DAL","WR","WR",59.9330041070063,55.6011241256916,68.2997046484654,2.98186628750392,"KaVontae Turpin"
"16191","Cedric","Tillman","CLE","WR","WR",59.882573233225,36.9122573233225,82.8528891431274,37.8397670755793,"Cedric Tillman"
"17507","Zachariah","Branch","ATL","WR","WR",57.6300931162997,10.5155,115.786423110521,43.7442050361507,"Zachariah Branch"
"14974","Darnell","Mooney","NYG","WR","WR",56.5112925748703,42.928649618165,105.622446462847,12.0092674433446,"Darnell Mooney"
"15777","Calvin","Austin III","NYG","WR","WR",53.3567647423367,17.7666666666667,93.0885012175467,45.174822,"Calvin Austin III"
"14592","Olamide","Zaccheaus","ATL","WR","WR",52.9194977471532,29.7303333333333,80.0721955247271,26.2149415277137,"Olamide Zaccheaus"
"17520","Ted","Hurst","TBB","WR","WR",52.8627585392439,28.4175384615385,79.9683922797397,37.5303083076923,"Ted Hurst"
"15301","Tutu","Atwell","MIA","WR","WR",51.2213138042573,26.1648816777352,96.6076070465656,22.8604399247833,"Tutu Atwell"
"14105","Marquise","Brown","PHI","WR","WR",49.797235353193,29.125,100.747126610431,20.086497423096,"Marquise Brown"
"17098","Tory","Horton","SEA","WR","WR",49.6875,40.7225,101.452453087744,8.54966,"Tory Horton"
"13289","Mack","Hollins","NEP","WR","WR",49.5194680582517,28.815,76.495085009706,27.65049,"Mack Hollins"
"16635","Luke","McCaffrey","WAS","WR","WR",48.866711858358,22.185,70.2151626900886,29.676978004806,"Luke McCaffrey"
"13418","Kendrick","Bourne","ARI","WR","WR",47.0025,42.853,53.428,4.49227799999999,"Kendrick Bourne"
"13066","Kalif","Raymond","CHI","WR","WR",45.478406830874,38.66,52.2622645911465,11.1397038698153,"Kalif Raymond"
"17529","Brenen","Thompson","LAC","WR","WR",44.0666935435499,24.616320855615,88.6426422113249,6.17237300534758,"Brenen Thompson"
"16451","Tyrell","Shavers","BUF","WR","WR",43.68,43.68,43.68,NA,"Tyrell Shavers"
"14315","Ashton","Dulin","IND","WR","WR",40.4709487928349,19.9243356643357,83.37107998987,10.8323110489511,"Ashton Dulin"
"15292","Dyami","Brown","WAS","WR","WR",40.3167012436644,18.013,60.9671244771919,32.3159430554275,"Dyami Brown"
"13348","David","Moore","CAR","WR","WR",39.96,39.96,39.96,NA,"David Moore"
"15319","Joshua","Palmer","BUF","WR","WR",37.8905763281256,35.25,44.0360747812522,0.741299999999989,"Joshua Palmer"
"12658","Sterling","Shepard","HOU","WR","WR",37.24,37.24,37.24,NA,"Sterling Shepard"
"17353","Jahdae","Walker","CHI","WR","WR",37.0522027601236,15.647,82.380929936445,10.630242,"Jahdae Walker"
"17096","Savion","Williams","GBP","WR","WR",35.915,28.263,47.703,8.347038,"Savion Williams"
"17076","Isaiah","Bond","CLE","WR","WR",35.685,28.612,42.382,10.645068,"Isaiah Bond"
"16630","Isaiah","Williams","NYJ","WR","WR",35.585,34.67,36.956,1.03782,"Isaiah Williams"
"17521","Zavion","Thomas","CHI","WR","WR",34.9531356727416,28.4253135672742,41.480957778209,10.7534989484067,"Zavion Thomas"
"16621","Devontez","Walker","BAL","WR","WR",34.74,31,40.144,4.4478,"Devontez Walker"
"17079","Tez","Johnson","TBB","WR","WR",30.255,21.46,45.058,8.30256,"Tez Johnson"
"16633","Jordan","Whittington","LAR","WR","WR",29.775,26.57,32.78,4.74431999999999,"Jordan Whittington"
"17134","Kyle","Williams","NEP","WR","WR",28.4631818181818,22.0163181818182,34.9100454545454,10.6201333636364,"Kyle Williams"
"15759","John","Metchie","CAR","WR","WR",26.22,26.22,26.22,NA,"John Metchie"
"17518","Cyrus","Allen","KCC","WR","WR",25.9233333333333,4.676,46.48,21.72009,"Cyrus Allen"
"16629","Roman","Wilson","PIT","WR","WR",25.88,4.53,46.398,32.943372,"Roman Wilson"
"15752","Treylon","Burks","WAS","WR","WR",25.19875,11.481,33.6345,8.458233,"Treylon Burks"
"14118","Lil'Jordan","Humphrey","DEN","WR","WR",24,24,24,NA,"Lil'Jordan Humphrey"
"17519","Bryce","Lance","NOS","WR","WR",22.47,14.613,30.327,12.943098,"Bryce Lance"
"17528","Kevin","Coleman","MIA","WR","WR",22.2,22.2,22.2,NA,"Kevin Coleman"
"17087","Dont'e","Thornton","LVR","WR","WR",22.03,12.666,35.346,11.356716,"Dont'e Thornton"
"16428","Xavier","Smith","LAR","WR","WR",22.02,9.402,34.638,20.786052,"Xavier Smith"
"13776","Justin","Watson","HOU","WR","WR",21.21,19.419,23.001,2.950374,"Justin Watson"
"17254","Konata","Mumpfield","LAR","WR","WR",21.08,9.533,29.315,10.15581,"Konata Mumpfield"
"17333","Darius","Cooper","PHI","WR","WR",19.72,19.72,19.72,NA,"Darius Cooper"
"14845","Gabriel","Davis","BUF","WR","WR",18.92,18.92,18.92,NA,"Gabriel Davis"
"17184","Jaylin","Lane","WAS","WR","WR",18.91,11.539,26.281,12.142494,"Jaylin Lane"
"14108","Greg","Dortch","DET","WR","WR",18.6425,10.07,35.603,5.48562,"Greg Dortch"
"15491","Ben","Skowronek","PIT","WR","WR",18.58,18.58,18.58,NA,"Ben Skowronek"
"17234","Jimmy","Horn","CAR","WR","WR",18.5375675675676,15.8037567567568,21.2713783783784,4.50349767567568,"Jimmy Horn"
"17086","Jalen","Royals","KCC","WR","WR",17.64,17.406,17.874,0.385476,"Jalen Royals"
"16403","Mitchell","Tinsley","CIN","WR","WR",16.61,14.621,18.599,3.276546,"Mitchell Tinsley"
"16975","Bryce","Oliver","TEN","WR","WR",16.48,16.48,16.48,NA,"Bryce Oliver"
"17205","KeAndre","Lambert-Smith","LAC","WR","WR",16.48,8.368,23.92,11.56428,"KeAndre Lambert-Smith"
"17542","Colbie","Young","CIN","WR","WR",15.85,3.745,27.955,19.94097,"Colbie Young"
"17508","Skyler","Bell","BUF","WR","WR",15.71,8.24,23.18,12.30558,"Skyler Bell"
"11679","Odell","Beckham","NYG","WR","WR",14.19,7.791,20.589,10.541286,"Odell Beckham"
"17505","Elijah","Sarratt","BAL","WR","WR",14.07,2.433,25.707,19.170018,"Elijah Sarratt"
"13377","Tim","Patrick","NYJ","WR","WR",12.92,12.92,12.92,NA,"Tim Patrick"
"15785","Bo","Melton","GBP","WR","WR",12.4530769230769,7.72530769230769,17.1808461538462,7.78821184615385,"Bo Melton"
"15109","Nick","Westbrook-Ikhine","IND","WR","WR",12.11,7.979,16.241,6.805134,"Nick Westbrook-Ikhine"
"16299","Derius","Davis","LAC","WR","WR",11.2213636363636,7.15213636363637,15.2905909090909,6.70337372727273,"Derius Davis"
"16422","Nikko","Remigio","KCC","WR","WR",11.08,11.08,11.08,NA,"Nikko Remigio"
"16858","Mason","Tipton","NOS","WR","WR",10.86,9.474,12.246,2.283204,"Mason Tipton"
"17097","Tai","Felton","MIN","WR","WR",10.42,8.998,11.842,2.342508,"Tai Felton"
"16883","Kameron","Johnson","TBB","WR","WR",10.1,10.1,10.1,NA,"Kameron Johnson"
"14849","Isaiah","Hodgins","NYG","WR","WR",9.46,9.46,9.46,NA,"Isaiah Hodgins"
"16949","Brycen","Tremayne","CAR","WR","WR",9.12,9.12,9.12,NA,"Brycen Tremayne"
"15288","Elijah","Moore","PHI","WR","WR",8.78,8.78,8.78,NA,"Elijah Moore"
"13793","Marquez","Valdes-Scantling","DAL","WR","WR",8.46,8.46,8.46,NA,"Marquez Valdes-Scantling"
"17175","Arian","Smith","NYJ","WR","WR",6.98,6.98,6.98,NA,"Arian Smith"
"16197","Jonathan","Mingo","DAL","WR","WR",6.48,6.48,6.48,NA,"Jonathan Mingo"
"14280","Scotty","Miller","CHI","WR","WR",6.44,6.44,6.44,NA,"Scotty Miller"
"16364","Jalen","Brooks","ARI","WR","WR",6.36,6.36,6.36,NA,"Jalen Brooks"
"16183","Jalin","Hyatt","NYG","WR","WR",5.98,5.98,5.98,NA,"Jalin Hyatt"
"17349","Gage","Larvadain","CLE","WR","WR",5.36,5.36,5.36,NA,"Gage Larvadain"
"17527","Josh","Cameron","JAC","WR","WR",5,5,5,NA,"Josh Cameron"
"16429","Dylan","Drummond","ATL","WR","WR",4.54,4.54,4.54,NA,"Dylan Drummond"
"17541","Barion","Brown","NOS","WR","WR",4.27,1.561,6.979,4.462626,"Barion Brown"
"17192","Jordan","Watkins","SFO","WR","WR",4.26,4.26,4.26,NA,"Jordan Watkins"
"14113","Mecole","Hardman","BUF","WR","WR",1.38,1.38,1.38,NA,"Mecole Hardman"
"15285","Tylan","Wallace","CLE","WR","WR",1.04,1.04,1.04,NA,"Tylan Wallace"
"15766","Skyy","Moore","GBP","WR","WR",0.9,0.9,0.9,NA,"Skyy Moore"
"14503","Tom","Kennedy","DET","WR","WR",0.88,0.88,0.88,NA,"Tom Kennedy"
"15767","Velus","Jones","SEA","WR","WR",0.7,0.7,0.7,NA,"Velus Jones"
"17620","Kaden","Wetjen","PIT","WR","WR",0.2,0.2,0.2,NA,"Kaden Wetjen"
"15772","Britain","Covey","PHI","WR","WR",0.14,0.14,0.14,NA,"Britain Covey"
"17360","Myles","Price","MIN","WR","WR",0.14,0.14,0.14,NA,"Myles Price"
"14847","Devin","Duvernay","ARI","WR","WR",0.11,0.011,0.209,0.163086,"Devin Duvernay"
"15794","Trey","McBride","ARI","TE","TE",225.969793761802,205.746983883029,251.019419703405,20.9877933840621,"Trey McBride"
"16641","Brock","Bowers","LVR","TE","TE",211.9829140523,205.566758322414,218.94632468204,7.43931512485414,"Brock Bowers"
"17104","Colston","Loveland","CHI","TE","TE",177.085126791836,161.4564376515,198.209259514763,8.88128202615147,"Colston Loveland"
"17102","Tyler","Warren","IND","TE","TE",166.296464704012,114.205366271878,174.55372110016,7.54549300831909,"Tyler Warren"
"17103","Harold","Fannin","CLE","TE","TE",163.58802432152,141.82354536967,185.00608065386,23.9859984684879,"Harold Fannin"
"15329","Kyle","Pitts","ATL","TE","TE",159.828699357046,152.618678323078,179.066317341809,6.40791562427058,"Kyle Pitts"
"16222","Tucker","Kraft","GBP","TE","TE",155.198436279562,139.872346942777,175.08657372049,12.7879315576636,"Tucker Kraft"
"13299","George","Kittle","SFO","TE","TE",150.312207577249,134.322252917925,175.654658533888,9.8128063281763,"George Kittle"
"11244","Travis","Kelce","KCC","TE","TE",150.024117433671,139.528957420619,161.746370106086,9.48864000000001,"Travis Kelce"
"13674","Dallas","Goedert","PHI","TE","TE",149.062533508303,120.755172304358,172.022181512065,9.49319311449561,"Dallas Goedert"
"16214","Sam","LaPorta","DET","TE","TE",148.340328701182,123.659307386429,165.426483322682,9.34064946015526,"Sam LaPorta"
"13671","Mark","Andrews","BAL","TE","TE",146.583861210609,139.334846161497,156.914999470307,8.59726872770947,"Mark Andrews"
"15798","Isaiah","Likely","NYG","TE","TE",140.897150811904,121.013241415351,166.787567945527,22.7952413168469,"Isaiah Likely"
"16213","Dalton","Kincaid","BUF","TE","TE",135.894975623325,123.131422249446,154.754224707378,9.77758636029018,"Dalton Kincaid"
"12676","Hunter","Henry","NEP","TE","TE",134.665640103389,125.720094820522,143.196334373325,6.99419736933659,"Hunter Henry"
"14861","Juwan","Johnson","NOS","TE","TE",132.377976202529,115.580178247247,149.3686227785,22.8266828961159,"Juwan Johnson"
"15799","Jake","Ferguson","DAL","TE","TE",128.462585887332,120.545437462021,139.916572767721,9.22240401168448,"Jake Ferguson"
"13772","Dalton","Schultz","HOU","TE","TE",124.744022121169,109.892502460608,132.262512884781,7.12614396888156,"Dalton Schultz"
"16269","Brenton","Strange","JAC","TE","TE",124.163807573755,112.265321291427,149.107180601775,10.0037033281014,"Brenton Strange"
"14138","T.J.","Hockenson","MIN","TE","TE",122.471413678246,106.693420230004,136.404463101773,21.2986472742429,"T.J. Hockenson"
"17543","Kenyon","Sadiq","NYJ","TE","TE",115.806914016091,85.2821933090465,135.953080504791,12.0845748594556,"Kenyon Sadiq"
"15331","Pat","Freiermuth","PIT","TE","TE",114.311975044121,108.899111528495,125.418926770953,5.72295349498414,"Pat Freiermuth"
"15889","Chigoziem","Okonkwo","WAS","TE","TE",112.656626404574,98.0249398905644,131.842747437646,18.9188330083055,"Chigoziem Okonkwo"
"15797","Greg","Dulcich","MIA","TE","TE",110.306096016643,97.4753320187975,118.217053903539,4.9006528132288,"Greg Dulcich"
"15802","Cade","Otton","TBB","TE","TE",106.822921233894,84.3865343215318,131.391048322679,28.5640512998097,"Cade Otton"
"16723","AJ","Barner","SEA","TE","TE",103.15550127652,86.9443913880032,116.232170488056,17.0862581688516,"AJ Barner"
"13192","David","Njoku","LAC","TE","TE",97.8915172546662,78.9445567998531,132.635036018612,16.7020480381742,"David Njoku"
"17099","Oronde","Gadsden","LAC","TE","TE",96.2869425214208,67.2573011457174,116.715291545597,15.5274629651056,"Oronde Gadsden"
"17105","Gunnar","Helm","TEN","TE","TE",93.1059316752904,80.0021005963932,109.728813554357,8.21949081593164,"Gunnar Helm"
"13672","Mike","Gesicki","CIN","TE","TE",91.4717214823736,74.9165829240177,99.5595894339504,11.835115271627,"Mike Gesicki"
"17107","Terrance","Ferguson","LAR","TE","TE",84.1122053704319,36.1568321905341,109.782800434746,22.894330368591,"Terrance Ferguson"
"13189","Evan","Engram","DEN","TE","TE",83.7436049875457,73.4091336439172,95.7977527784943,16.6939169560025,"Evan Engram"
"14871","Colby","Parkinson","LAR","TE","TE",83.2696497666084,62.7176593641495,127.295433386149,8.00604000000001,"Colby Parkinson"
"12263","Darren","Waller","CAR","TE","TE",79.6408900084448,50.1370377297083,103.618998311899,23.3022281964782,"Darren Waller"
"17106","Mason","Taylor","NYJ","TE","TE",74.2456610086471,52.6382948943819,95.8143239134762,17.7096039785465,"Mason Taylor"
"13193","Jonnu","Smith","FA","TE","TE",71.2832297467044,71.2832297467044,71.2832297467044,NA,"Jonnu Smith"
"16649","Theo","Johnson","NYG","TE","TE",70.4230507551934,53,89.7152197192647,1.33434,"Theo Johnson"
"14143","Dawson","Knox","BUF","TE","TE",69.3716438266516,59.522188168547,79.9421048227796,11.8997498968134,"Dawson Knox"
"16036","Jake","Tonges","SFO","TE","TE",64.8467530521986,27.07,104.361233725164,41.8175025247972,"Jake Tonges"
"12678","Tyler","Higbee","LAR","TE","TE",63.4623865185576,33.84,90.4553116257231,27.7873418563162,"Tyler Higbee"
"16212","Michael","Mayer","LVR","TE","TE",61.5281144433546,55.2413154456046,78.1954729313934,7.42592893587942,"Michael Mayer"
"14867","Cole","Kmet","CHI","TE","TE",59.4004067332063,45.75,72.0785745394783,18.9563221619888,"Cole Kmet"
"16216","Darnell","Washington","PIT","TE","TE",54.9,44.572,64.1674659801545,10.6482970081807,"Darnell Washington"
"15873","Daniel","Bellinger","TEN","TE","TE",51.134233087745,46.214,62.285239115882,1.690164,"Daniel Bellinger"
"17593","Marlin","Klein","HOU","TE","TE",50.1587754488513,42.6358775448851,57.6816733528175,12.392720480467,"Marlin Klein"
"17544","Eli","Stowers","PHI","TE","TE",47.365220492622,14.9525,93.9161139912255,31.1125789349076,"Eli Stowers"
"14137","Noah","Fant","NOS","TE","TE",46.6172138482727,27.832,65.871193029631,12.332643917062,"Noah Fant"
"15337","Noah","Gray","KCC","TE","TE",46.49,31.53,58.372,13.061706,"Noah Gray"
"14209","Josh","Oliver","MIN","TE","TE",45.61,31.84,57.684,12.75036,"Josh Oliver"
"14870","Adam","Trautman","DEN","TE","TE",45.02875,39.369,51.6945,8.287734,"Adam Trautman"
"15626","Brock","Wright","DET","TE","TE",44.855,36.626,65.876,0.385476000000008,"Brock Wright"
"15332","Tommy","Tremble","CAR","TE","TE",44.2,34.78,72.1041219687326,7.56126000000001,"Tommy Tremble"
"11247","Zach","Ertz","FA","TE","TE",43.6145429963617,21.6414542996362,65.5876316930873,36.1970014464059,"Zach Ertz"
"12677","Austin","Hooper","ATL","TE","TE",43.38,35.092,51.14,7.413,"Austin Hooper"
"17108","Elijah","Arroyo","SEA","TE","TE",43.1,23.344,66.4110303929184,26.064108,"Elijah Arroyo"
"17591","Nate","Boerkircher","JAC","TE","TE",42.6925,27.628,57.265,23.49921,"Nate Boerkircher"
"17607","Eli","Raridon","NEP","TE","TE",41.475,29.905,44.905,3.26172,"Eli Raridon"
"17648","Riley","Nowakowski","PIT","TE","TE",41.26,41.26,41.26,NA,"Riley Nowakowski"
"16219","Davis","Allen","LAR","TE","TE",40.93,34.146,52.146,6.612396,"Davis Allen"
"16215","Luke","Musgrave","GBP","TE","TE",40.125,25.089,49.38,8.67321,"Luke Musgrave"
"16643","Ja'Tavion","Sanders","CAR","TE","TE",38.585,32.72,58.2525162076775,5.32253400000001,"Ja'Tavion Sanders"
"15795","Charlie","Kolar","LAC","TE","TE",37.75,18.292,64.3378102829827,17.34642,"Charlie Kolar"
"16940","Blake","Whiteheart","CLE","TE","TE",36.96,36.96,36.96,NA,"Blake Whiteheart"
"16645","Erick","All","CIN","TE","TE",36.76,20.799,55.955,19.688928,"Erick All"
"17109","Mitchell","Evans","CAR","TE","TE",36.15,33.98,40.64,1.18608,"Mitchell Evans"
"17605","Will","Kacmarek","MIA","TE","TE",35.8650699593095,22.002,60.0722518535142,12.186972,"Will Kacmarek"
"15804","Grant","Calcaterra","PHI","TE","TE",34.12,19.452,43.86,10.97124,"Grant Calcaterra"
"15800","Connor","Heyward","LVR","TE","TE",34.05,31.035,37.065,4.96671,"Connor Heyward"
"15796","Jeremy","Ruckert","NYJ","TE","TE",33.8,28.72,42.4,4.74431999999999,"Jeremy Ruckert"
"16333","Elijah","Higgins","ARI","TE","TE",33.705,29.3295,37.9825,4.96671,"Elijah Higgins"
"17213","Jackson","Hawes","BUF","TE","TE",33.06,29.592,36.432,5.455968,"Jackson Hawes"
"15330","Brevin","Jordan","HOU","TE","TE",32.9,32.9,32.9,NA,"Brevin Jordan"
"14239","Foster","Moreau","HOU","TE","TE",31.295,22.782,40.44,13.373052,"Foster Moreau"
"16483","Ben","Sims","MIA","TE","TE",30.94,8.746,53.134,36.560916,"Ben Sims"
"13763","Will","Dissly","FA","TE","TE",30.8,30.8,30.8,NA,"Will Dissly"
"16644","Ben","Sinnott","WAS","TE","TE",30.74,29.314,33.67,0.800604000000004,"Ben Sinnott"
"13246","Mo","Alie-Cox","IND","TE","TE",29.34,28.836,29.844,0.830256000000001,"Mo Alie-Cox"
"14370","Tanner","Hudson","CIN","TE","TE",29.315,24.498,31.788,1.660512,"Tanner Hudson"
"16221","Luke","Schoonmaker","DAL","TE","TE",28.705,27.066,30.576,2.46111599999999,"Luke Schoonmaker"
"14146","Drew","Sample","CIN","TE","TE",28.4625,23.5625,34.5215,4.37367,"Drew Sample"
"16642","Cade","Stover","HOU","TE","TE",26.89,22.681,30.805,3.78063,"Cade Stover"
"15916","Drew","Ogletree","IND","TE","TE",26.74,26.74,26.74,NA,"Drew Ogletree"
"17627","Matthew","Hibner","BAL","TE","TE",25.685,16.766,44.18,4.833276,"Matthew Hibner"
"12680","Nick","Vannett","SEA","TE","TE",25.5,25.5,25.5,NA,"Nick Vannett"
"15334","Hunter","Long","JAC","TE","TE",25,25,25,NA,"Hunter Long"
"16647","Brevyn","Spann-Ford","DAL","TE","TE",24.92,22.742,27.098,3.587892,"Brevyn Spann-Ford"
"14984","Charlie","Woerner","ATL","TE","TE",24.66,12.114,37.206,20.667444,"Charlie Woerner"
"15344","John","Bates","WAS","TE","TE",24.15,20.1125,36.4325,3.521175,"John Bates"
"16218","Payne","Durham","TBB","TE","TE",24.14,19.604,28.676,7.472304,"Payne Durham"
"17655","Seydou","Traore","MIA","TE","TE",23.85,18.945,28.755,8.08017,"Seydou Traore"
"17545","Jack","Endries","CIN","TE","TE",23.8,23.53,24.07,0.444780000000001,"Jack Endries"
"16249","Zack","Kuntz","DAL","TE","TE",23.6,23.6,23.6,NA,"Zack Kuntz"
"13675","Tyler","Conklin","DET","TE","TE",23.58,23.382,23.778,0.326172000000001,"Tyler Conklin"
"14341","Donald","Parham","PIT","TE","TE",23.5,19.9,27.1,5.9304,"Donald Parham"
"16474","Nate","Adkins","DEN","TE","TE",22.71,17.906,34.25,0.978515999999995,"Nate Adkins"
"16113","Stone","Smartt","PHI","TE","TE",22.5,22.32,22.68,0.296519999999999,"Stone Smartt"
"17660","Bauer","Sharp","TBB","TE","TE",22.4,21.77,23.03,1.03782,"Bauer Sharp"
"15909","James","Mitchell","CAR","TE","TE",21.9,21.9,21.9,NA,"James Mitchell"
"15335","Luke","Farrell","SFO","TE","TE",21.68,17.198,26.162,7.383348,"Luke Farrell"
"13676","Durham","Smythe","BAL","TE","TE",21.67,20.527,22.813,1.882902,"Durham Smythe"
"16312","Josh","Whyle","GBP","TE","TE",21.335,19.57,23.476,2.52042,"Josh Whyle"
"16979","Cam","Grandy","CIN","TE","TE",21.2,21.2,21.2,NA,"Cam Grandy"
"13919","Anthony","Firkser","FA","TE","TE",21.1,21.1,21.1,NA,"Anthony Firkser"
"16646","Jaheim","Bell","PIT","TE","TE",19.8,19.8,19.8,NA,"Jaheim Bell"
"17567","Oscar","Delp","NOS","TE","TE",19.76,5.986,28.99,10.52646,"Oscar Delp"
"13678","Ian","Thomas","LVR","TE","TE",19.75,19.615,19.885,0.222390000000003,"Ian Thomas"
"17547","Max","Klare","LAR","TE","TE",19.475,5.86,62.7915986644422,13.41753,"Max Klare"
"15970","Lucas","Krull","DEN","TE","TE",19.4,19.13,19.67,0.444780000000001,"Lucas Krull"
"17549","Sam","Roush","CHI","TE","TE",18.915,6.354,27.18,9.19211999999999,"Sam Roush"
"16706","Tip","Reiman","ARI","TE","TE",18.4,18.4,18.4,NA,"Tip Reiman"
"15803","Cole","Turner","MIA","TE","TE",18.4,18.4,18.4,NA,"Cole Turner"
"17548","Justin","Joly","DEN","TE","TE",18.35,5.64,26.34,8.30256,"Justin Joly"
"15419","Kylen","Granson","TEN","TE","TE",16.62,11.328,21.912,8.717688,"Kylen Granson"
"16425","Julian","Hill","NEP","TE","TE",16.5,16.5,16.5,NA,"Julian Hill"
"16796","Devin","Culp","TBB","TE","TE",16.29,5.211,27.369,18.250806,"Devin Culp"
"15925","John","FitzPatrick","GBP","TE","TE",14.28,14.28,14.28,NA,"John FitzPatrick"
"16220","Will","Mallory","IND","TE","TE",12.64,3.406,21.874,15.211476,"Will Mallory"
"17644","Tanner","Koziol","JAC","TE","TE",12.38,6.062,18.698,10.407852,"Tanner Koziol"
"15840","Jelani","Woods","NYJ","TE","TE",11.17,1.243,21.097,16.353078,"Jelani Woods"
"16648","Jared","Wiley","KCC","TE","TE",10.69,2.311,19.069,13.803006,"Jared Wiley"
"12955","Chris","Manhertz","NYG","TE","TE",10.62,10.62,10.62,NA,"Chris Manhertz"
"16831","David","Martin-Robinson","TEN","TE","TE",7.22,7.22,7.22,NA,"David Martin-Robinson"
"13315","Eric","Saubert","SEA","TE","TE",6.92,6.92,6.92,NA,"Eric Saubert"
"13994","Pharaoh","Brown","IND","TE","TE",6.92,6.92,6.92,NA,"Pharaoh Brown"
"17285","Ben","Yurosek","MIN","TE","TE",6.18,6.18,6.18,NA,"Ben Yurosek"
"13940","Johnny","Mundt","PHI","TE","TE",4.88,4.88,4.88,NA,"Johnny Mundt"
"17566","Joe","Royer","CLE","TE","TE",3.32,3.32,3.32,NA,"Joe Royer"
"15244","Feleipe","Franks","CAR","TE","TE",3.04,3.04,3.04,NA,"Feleipe Franks"
"16093",NA,NA,NA,NA,"TE",2.84,2.84,2.84,NA,"NA NA"
"17259","Moliki","Matavao","NOS","TE","TE",2.84,2.84,2.84,NA,"Moliki Matavao"
"13427","Robert","Tonyan","PIT","TE","TE",2.76,2.76,2.76,NA,"Robert Tonyan"
"17696","Carsen","Ryan","CLE","TE","TE",2.68,2.68,2.68,NA,"Carsen Ryan"
"14060","Tyree","Jackson","WAS","TE","TE",1.68,1.68,1.68,NA,"Tyree Jackson"
"16898","Colson","Yankoff","WAS","TE","TE",0.76,0.76,0.76,NA,"Colson Yankoff"
"16839","Jack","Westover","NEP","TE","TE",0.5,0.5,0.5,NA,"Jack Westover"
